{"no_replace": 0.993006993006993, "Saliency": {"replaceWithZero": {"99": 0.989010989010989, "98": 0.973026973026973, "96": 0.951048951048951, "92": 0.8911088911088911}, "replaceWithMean": {"99": 0.989010989010989, "98": 0.972027972027972, "96": 0.9500499500499501, "92": 0.8991008991008991}, "replaceWithInterp": {"99": 0.993006993006993, "98": 0.993006993006993, "96": 0.993006993006993, "92": 0.993006993006993}}, "IntegratedGradients": {"replaceWithZero": {"99": 0.965034965034965, "98": 0.8961038961038961, "96": 0.7052947052947053, "92": 0.4195804195804196}, "replaceWithMean": {"99": 0.9660339660339661, "98": 0.9100899100899101, "96": 0.7312687312687313, "92": 0.4835164835164835}, "replaceWithInterp": {"99": 0.993006993006993, "98": 0.993006993006993, "96": 0.993006993006993, "92": 0.993006993006993}}, "InputXGradient": {"replaceWithZero": {"99": 0.964035964035964, "98": 0.8921078921078921, "96": 0.7472527472527473, "92": 0.5284715284715285}, "replaceWithMean": {"99": 0.965034965034965, "98": 0.9020979020979021, "96": 0.7662337662337663, "92": 0.5414585414585414}, "replaceWithInterp": {"99": 0.993006993006993, "98": 0.993006993006993, "96": 0.993006993006993, "92": 0.993006993006993}}, "GuidedBackprop": {"replaceWithZero": {"99": 0.984015984015984, "98": 0.9600399600399601, "96": 0.9100899100899101, "92": 0.8481518481518482}, "replaceWithMean": {"99": 0.984015984015984, "98": 0.962037962037962, "96": 0.9180819180819181, "92": 0.8701298701298701}, "replaceWithInterp": {"99": 0.993006993006993, "98": 0.993006993006993, "96": 0.993006993006993, "92": 0.993006993006993}}, "LayerGradCam": {"replaceWithZero": {"99": 0.993006993006993, "98": 0.993006993006993, "96": 0.989010989010989, "92": 0.9500499500499501}, "replaceWithMean": {"99": 0.993006993006993, "98": 0.993006993006993, "96": 0.984015984015984, "92": 0.9460539460539461}, "replaceWithInterp": {"99": 0.993006993006993, "98": 0.993006993006993, "96": 0.993006993006993, "92": 0.993006993006993}}, "GuidedGradCam": {"replaceWithZero": {"99": 0.9920079920079921, "98": 0.988011988011988, "96": 0.98001998001998, "92": 0.9790209790209791}, "replaceWithMean": {"99": 0.993006993006993, "98": 0.985014985014985, "96": 0.9820179820179821, "92": 0.981018981018981}, "replaceWithInterp": {"99": 0.993006993006993, "98": 0.993006993006993, "96": 0.993006993006993, "92": 0.993006993006993}}, "Lime": {"replaceWithZero": {"99": 0.993006993006993, "98": 0.993006993006993, "96": 0.993006993006993, "92": 0.993006993006993}, "replaceWithMean": {"99": 0.993006993006993, "98": 0.993006993006993, "96": 0.993006993006993, "92": 0.993006993006993}, "replaceWithInterp": {"99": 0.993006993006993, "98": 0.993006993006993, "96": 0.993006993006993, "92": 0.993006993006993}}, "GradCAMpp": {"replaceWithZero": {"99": 0.993006993006993, "98": 0.993006993006993, "96": 0.9920079920079921, "92": 0.978021978021978}, "replaceWithMean": {"99": 0.993006993006993, "98": 0.993006993006993, "96": 0.993006993006993, "92": 0.978021978021978}, "replaceWithInterp": {"99": 0.993006993006993, "98": 0.993006993006993, "96": 0.993006993006993, "92": 0.993006993006993}}, "SmoothGradCAMpp": {"replaceWithZero": {"99": 0.993006993006993, "98": 0.993006993006993, "96": 0.9920079920079921, "92": 0.985014985014985}, "replaceWithMean": {"99": 0.993006993006993, "98": 0.993006993006993, "96": 0.993006993006993, "92": 0.987012987012987}, "replaceWithInterp": {"99": 0.993006993006993, "98": 0.993006993006993, "96": 0.993006993006993, "92": 0.993006993006993}}, "ScoreCAM": {"replaceWithZero": {"99": 0.993006993006993, "98": 0.993006993006993, "96": 0.989010989010989, "92": 0.9590409590409591}, "replaceWithMean": {"99": 0.993006993006993, "98": 0.993006993006993, "96": 0.988011988011988, "92": 0.9500499500499501}, "replaceWithInterp": {"99": 0.993006993006993, "98": 0.993006993006993, "96": 0.993006993006993, "92": 0.9920079920079921}}, "RISE": {"replaceWithZero": {"99": 0.9920079920079921, "98": 0.99000999000999, "96": 0.973026973026973, "92": 0.7732267732267732}, "replaceWithMean": {"99": 0.9920079920079921, "98": 0.991008991008991, "96": 0.972027972027972, "92": 0.8001998001998002}, "replaceWithInterp": {"99": 0.993006993006993, "98": 0.993006993006993, "96": 0.993006993006993, "92": 0.983016983016983}}}