{"no_replace": 1.0, "Saliency": {"replaceWithZero": {"99": 1.0, "98": 0.9814814814814815, "96": 0.9537037037037037, "92": 0.9259259259259259}, "replaceWithMean": {"99": 1.0, "98": 0.9814814814814815, "96": 0.9629629629629629, "92": 0.9166666666666666}, "replaceWithInterp": {"99": 1.0, "98": 1.0, "96": 1.0, "92": 1.0}}, "IntegratedGradients": {"replaceWithZero": {"99": 0.9444444444444444, "98": 0.8703703703703703, "96": 0.7314814814814815, "92": 0.4722222222222222}, "replaceWithMean": {"99": 0.9444444444444444, "98": 0.8611111111111112, "96": 0.7129629629629629, "92": 0.4444444444444444}, "replaceWithInterp": {"99": 1.0, "98": 1.0, "96": 1.0, "92": 1.0}}, "InputXGradient": {"replaceWithZero": {"99": 0.9444444444444444, "98": 0.8703703703703703, "96": 0.7129629629629629, "92": 0.48148148148148145}, "replaceWithMean": {"99": 0.9351851851851852, "98": 0.8425925925925926, "96": 0.7037037037037037, "92": 0.48148148148148145}, "replaceWithInterp": {"99": 1.0, "98": 1.0, "96": 1.0, "92": 1.0}}, "GuidedBackprop": {"replaceWithZero": {"99": 1.0, "98": 1.0, "96": 1.0, "92": 0.9166666666666666}, "replaceWithMean": {"99": 1.0, "98": 1.0, "96": 0.9907407407407407, "92": 0.8518518518518519}, "replaceWithInterp": {"99": 1.0, "98": 1.0, "96": 1.0, "92": 1.0}}, "LayerGradCam": {"replaceWithZero": {"99": 1.0, "98": 1.0, "96": 1.0, "92": 0.9351851851851852}, "replaceWithMean": {"99": 1.0, "98": 1.0, "96": 1.0, "92": 0.9259259259259259}, "replaceWithInterp": {"99": 1.0, "98": 1.0, "96": 1.0, "92": 1.0}}, "GuidedGradCam": {"replaceWithZero": {"99": 1.0, "98": 1.0, "96": 0.9907407407407407, "92": 0.9629629629629629}, "replaceWithMean": {"99": 1.0, "98": 1.0, "96": 0.9907407407407407, "92": 0.9351851851851852}, "replaceWithInterp": {"99": 1.0, "98": 1.0, "96": 1.0, "92": 1.0}}, "Lime": {"replaceWithZero": {"99": 1.0, "98": 1.0, "96": 1.0, "92": 1.0}, "replaceWithMean": {"99": 1.0, "98": 1.0, "96": 1.0, "92": 1.0}, "replaceWithInterp": {"99": 1.0, "98": 1.0, "96": 1.0, "92": 1.0}}, "GradCAMpp": {"replaceWithZero": {"99": 1.0, "98": 1.0, "96": 0.9907407407407407, "92": 0.9166666666666666}, "replaceWithMean": {"99": 1.0, "98": 1.0, "96": 0.9907407407407407, "92": 0.8981481481481481}, "replaceWithInterp": {"99": 1.0, "98": 1.0, "96": 1.0, "92": 1.0}}, "SmoothGradCAMpp": {"replaceWithZero": {"99": 1.0, "98": 1.0, "96": 0.9907407407407407, "92": 0.9074074074074074}, "replaceWithMean": {"99": 1.0, "98": 1.0, "96": 0.9907407407407407, "92": 0.8888888888888888}, "replaceWithInterp": {"99": 1.0, "98": 1.0, "96": 1.0, "92": 1.0}}, "ScoreCAM": {"replaceWithZero": {"99": 1.0, "98": 1.0, "96": 0.9629629629629629, "92": 0.9074074074074074}, "replaceWithMean": {"99": 1.0, "98": 1.0, "96": 0.9629629629629629, "92": 0.9166666666666666}, "replaceWithInterp": {"99": 1.0, "98": 1.0, "96": 1.0, "92": 1.0}}, "RISE": {"replaceWithZero": {"99": 1.0, "98": 0.9537037037037037, "96": 0.9166666666666666, "92": 0.8888888888888888}, "replaceWithMean": {"99": 1.0, "98": 0.9537037037037037, "96": 0.9166666666666666, "92": 0.8981481481481481}, "replaceWithInterp": {"99": 1.0, "98": 1.0, "96": 1.0, "92": 1.0}}}