{"no_replace": 0.9540918163672655, "Saliency": {"replaceWithZero": {"99": 0.8902195608782435, "98": 0.8622754491017964, "96": 0.7944111776447106, "92": 0.7125748502994012}, "replaceWithMean": {"99": 0.8872255489021956, "98": 0.8512974051896207, "96": 0.7944111776447106, "92": 0.7115768463073853}, "replaceWithInterp": {"99": 0.9481037924151696, "98": 0.936127744510978, "96": 0.9321357285429142, "92": 0.9231536926147704}}, "IntegratedGradients": {"replaceWithZero": {"99": 0.8552894211576846, "98": 0.7285429141716567, "96": 0.5399201596806387, "92": 0.2964071856287425}, "replaceWithMean": {"99": 0.8502994011976048, "98": 0.7275449101796407, "96": 0.5409181636726547, "92": 0.3253493013972056}, "replaceWithInterp": {"99": 0.9530938123752495, "98": 0.9481037924151696, "96": 0.9261477045908184, "92": 0.8942115768463074}}, "InputXGradient": {"replaceWithZero": {"99": 0.8153692614770459, "98": 0.7035928143712575, "96": 0.5279441117764471, "92": 0.36127744510978044}, "replaceWithMean": {"99": 0.8143712574850299, "98": 0.717564870259481, "96": 0.5369261477045908, "92": 0.38223552894211577}, "replaceWithInterp": {"99": 0.9500998003992016, "98": 0.937125748502994, "96": 0.9101796407185628, "92": 0.8702594810379242}}, "GuidedBackprop": {"replaceWithZero": {"99": 0.8802395209580839, "98": 0.811377245508982, "96": 0.7055888223552894, "92": 0.5868263473053892}, "replaceWithMean": {"99": 0.8692614770459082, "98": 0.8033932135728543, "96": 0.6766467065868264, "92": 0.5878243512974052}, "replaceWithInterp": {"99": 0.9461077844311377, "98": 0.9331337325349301, "96": 0.9031936127744511, "92": 0.8662674650698603}}, "LayerGradCam": {"replaceWithZero": {"99": 0.9471057884231537, "98": 0.9481037924151696, "96": 0.9341317365269461, "92": 0.9101796407185628}, "replaceWithMean": {"99": 0.9461077844311377, "98": 0.9451097804391217, "96": 0.937125748502994, "92": 0.9191616766467066}, "replaceWithInterp": {"99": 0.9540918163672655, "98": 0.9570858283433133, "96": 0.9520958083832335, "92": 0.9321357285429142}}, "GuidedGradCam": {"replaceWithZero": {"99": 0.9411177644710579, "98": 0.936127744510978, "96": 0.9221556886227545, "92": 0.9151696606786427}, "replaceWithMean": {"99": 0.9411177644710579, "98": 0.9321357285429142, "96": 0.9261477045908184, "92": 0.9181636726546906}, "replaceWithInterp": {"99": 0.9560878243512974, "98": 0.9540918163672655, "96": 0.9471057884231537, "92": 0.9391217564870259}}, "Lime": {"replaceWithZero": {"99": 0.9530938123752495, "98": 0.9530938123752495, "96": 0.9530938123752495, "92": 0.9530938123752495}, "replaceWithMean": {"99": 0.9530938123752495, "98": 0.9530938123752495, "96": 0.9530938123752495, "92": 0.9530938123752495}, "replaceWithInterp": {"99": 0.9540918163672655, "98": 0.9540918163672655, "96": 0.9540918163672655, "92": 0.9540918163672655}}, "GradCAMpp": {"replaceWithZero": {"99": 0.9540918163672655, "98": 0.9540918163672655, "96": 0.9520958083832335, "92": 0.9510978043912176}, "replaceWithMean": {"99": 0.9540918163672655, "98": 0.9540918163672655, "96": 0.9520958083832335, "92": 0.9510978043912176}, "replaceWithInterp": {"99": 0.9540918163672655, "98": 0.9540918163672655, "96": 0.9530938123752495, "92": 0.9540918163672655}}, "SmoothGradCAMpp": {"replaceWithZero": {"99": 0.9540918163672655, "98": 0.9540918163672655, "96": 0.9540918163672655, "92": 0.9540918163672655}, "replaceWithMean": {"99": 0.9540918163672655, "98": 0.9540918163672655, "96": 0.9540918163672655, "92": 0.9540918163672655}, "replaceWithInterp": {"99": 0.9540918163672655, "98": 0.9540918163672655, "96": 0.9540918163672655, "92": 0.9540918163672655}}, "ScoreCAM": {"replaceWithZero": {"99": 0.9540918163672655, "98": 0.9540918163672655, "96": 0.8273453093812375, "92": 0.7435129740518962}, "replaceWithMean": {"99": 0.9540918163672655, "98": 0.9540918163672655, "96": 0.8193612774451098, "92": 0.7485029940119761}, "replaceWithInterp": {"99": 0.9540918163672655, "98": 0.9540918163672655, "96": 0.9041916167664671, "92": 0.8622754491017964}}, "RISE": {"replaceWithZero": {"99": 0.8782435129740519, "98": 0.8343313373253493, "96": 0.7135728542914171, "92": 0.5668662674650699}, "replaceWithMean": {"99": 0.8832335329341318, "98": 0.8313373253493014, "96": 0.7255489021956087, "92": 0.5798403193612774}, "replaceWithInterp": {"99": 0.9431137724550899, "98": 0.9171656686626747, "96": 0.8183632734530938, "92": 0.7025948103792415}}}