{"no_replace": 0.9810267857142857, "Saliency": {"replaceWithZero": {"99": 0.9810267857142857, "98": 0.9787946428571429, "96": 0.9776785714285714, "92": 0.9665178571428571}, "replaceWithMean": {"99": 0.9810267857142857, "98": 0.9787946428571429, "96": 0.9787946428571429, "92": 0.9676339285714286}, "replaceWithInterp": {"99": 0.9810267857142857, "98": 0.9810267857142857, "96": 0.9810267857142857, "92": 0.9810267857142857}}, "IntegratedGradients": {"replaceWithZero": {"99": 0.9743303571428571, "98": 0.9542410714285714, "96": 0.8883928571428571, "92": 0.7444196428571429}, "replaceWithMean": {"99": 0.9743303571428571, "98": 0.9542410714285714, "96": 0.890625, "92": 0.7410714285714286}, "replaceWithInterp": {"99": 0.9799107142857143, "98": 0.9810267857142857, "96": 0.9799107142857143, "92": 0.9799107142857143}}, "InputXGradient": {"replaceWithZero": {"99": 0.9765625, "98": 0.9609375, "96": 0.9151785714285714, "92": 0.7924107142857143}, "replaceWithMean": {"99": 0.9765625, "98": 0.9620535714285714, "96": 0.9162946428571429, "92": 0.7957589285714286}, "replaceWithInterp": {"99": 0.9810267857142857, "98": 0.9799107142857143, "96": 0.9799107142857143, "92": 0.9799107142857143}}, "GuidedBackprop": {"replaceWithZero": {"99": 0.9799107142857143, "98": 0.9799107142857143, "96": 0.9765625, "92": 0.9598214285714286}, "replaceWithMean": {"99": 0.9799107142857143, "98": 0.9787946428571429, "96": 0.9754464285714286, "92": 0.9598214285714286}, "replaceWithInterp": {"99": 0.9799107142857143, "98": 0.9810267857142857, "96": 0.9810267857142857, "92": 0.9810267857142857}}, "LayerGradCam": {"replaceWithZero": {"99": 0.9787946428571429, "98": 0.9765625, "96": 0.9743303571428571, "92": 0.9553571428571429}, "replaceWithMean": {"99": 0.9787946428571429, "98": 0.9765625, "96": 0.9732142857142857, "92": 0.9553571428571429}, "replaceWithInterp": {"99": 0.9810267857142857, "98": 0.9810267857142857, "96": 0.9810267857142857, "92": 0.9799107142857143}}, "GuidedGradCam": {"replaceWithZero": {"99": 0.9810267857142857, "98": 0.9799107142857143, "96": 0.9765625, "92": 0.9698660714285714}, "replaceWithMean": {"99": 0.9810267857142857, "98": 0.9799107142857143, "96": 0.9765625, "92": 0.9698660714285714}, "replaceWithInterp": {"99": 0.9810267857142857, "98": 0.9799107142857143, "96": 0.9810267857142857, "92": 0.9799107142857143}}, "Lime": {"replaceWithZero": {"99": 0.9810267857142857, "98": 0.9810267857142857, "96": 0.9810267857142857, "92": 0.9810267857142857}, "replaceWithMean": {"99": 0.9810267857142857, "98": 0.9810267857142857, "96": 0.9810267857142857, "92": 0.9810267857142857}, "replaceWithInterp": {"99": 0.9810267857142857, "98": 0.9810267857142857, "96": 0.9810267857142857, "92": 0.9810267857142857}}, "GradCAMpp": {"replaceWithZero": {"99": 0.9810267857142857, "98": 0.9810267857142857, "96": 0.9810267857142857, "92": 0.9787946428571429}, "replaceWithMean": {"99": 0.9810267857142857, "98": 0.9810267857142857, "96": 0.9810267857142857, "92": 0.9776785714285714}, "replaceWithInterp": {"99": 0.9810267857142857, "98": 0.9810267857142857, "96": 0.9810267857142857, "92": 0.9810267857142857}}, "SmoothGradCAMpp": {"replaceWithZero": {"99": 0.9810267857142857, "98": 0.9810267857142857, "96": 0.9810267857142857, "92": 0.9787946428571429}, "replaceWithMean": {"99": 0.9810267857142857, "98": 0.9810267857142857, "96": 0.9810267857142857, "92": 0.9787946428571429}, "replaceWithInterp": {"99": 0.9810267857142857, "98": 0.9810267857142857, "96": 0.9810267857142857, "92": 0.9810267857142857}}, "ScoreCAM": {"replaceWithZero": {"99": 0.9810267857142857, "98": 0.9810267857142857, "96": 0.9765625, "92": 0.9375}, "replaceWithMean": {"99": 0.9810267857142857, "98": 0.9810267857142857, "96": 0.9754464285714286, "92": 0.9363839285714286}, "replaceWithInterp": {"99": 0.9810267857142857, "98": 0.9810267857142857, "96": 0.9810267857142857, "92": 0.9799107142857143}}, "RISE": {"replaceWithZero": {"99": 0.9799107142857143, "98": 0.9810267857142857, "96": 0.9553571428571429, "92": 0.8392857142857143}, "replaceWithMean": {"99": 0.9799107142857143, "98": 0.9810267857142857, "96": 0.9575892857142857, "92": 0.8404017857142857}, "replaceWithInterp": {"99": 0.9810267857142857, "98": 0.9810267857142857, "96": 0.9810267857142857, "92": 0.9821428571428571}}}