{"0": {"no_replace": 0.993006993006993, "Saliency": {"replaceWithZero": {"99": 0.989010989010989, "98": 0.973026973026973, "96": 0.951048951048951, "92": 0.8911088911088911}, "replaceWithMean": {"99": 0.989010989010989, "98": 0.972027972027972, "96": 0.9500499500499501, "92": 0.8991008991008991}, "replaceWithInterp": {"99": 0.993006993006993, "98": 0.993006993006993, "96": 0.993006993006993, "92": 0.993006993006993}}, "IntegratedGradients": {"replaceWithZero": {"99": 0.965034965034965, "98": 0.8961038961038961, "96": 0.7052947052947053, "92": 0.4195804195804196}, "replaceWithMean": {"99": 0.9660339660339661, "98": 0.9100899100899101, "96": 0.7312687312687313, "92": 0.4835164835164835}, "replaceWithInterp": {"99": 0.993006993006993, "98": 0.993006993006993, "96": 0.993006993006993, "92": 0.993006993006993}}, "InputXGradient": {"replaceWithZero": {"99": 0.964035964035964, "98": 0.8921078921078921, "96": 0.7472527472527473, "92": 0.5284715284715285}, "replaceWithMean": {"99": 0.965034965034965, "98": 0.9020979020979021, "96": 0.7662337662337663, "92": 0.5414585414585414}, "replaceWithInterp": {"99": 0.993006993006993, "98": 0.993006993006993, "96": 0.993006993006993, "92": 0.993006993006993}}, "GuidedBackprop": {"replaceWithZero": {"99": 0.984015984015984, "98": 0.9600399600399601, "96": 0.9100899100899101, "92": 0.8481518481518482}, "replaceWithMean": {"99": 0.984015984015984, "98": 0.962037962037962, "96": 0.9180819180819181, "92": 0.8701298701298701}, "replaceWithInterp": {"99": 0.993006993006993, "98": 0.993006993006993, "96": 0.993006993006993, "92": 0.993006993006993}}, "LayerGradCam": {"replaceWithZero": {"99": 0.993006993006993, "98": 0.993006993006993, "96": 0.989010989010989, "92": 0.9500499500499501}, "replaceWithMean": {"99": 0.993006993006993, "98": 0.993006993006993, "96": 0.984015984015984, "92": 0.9460539460539461}, "replaceWithInterp": {"99": 0.993006993006993, "98": 0.993006993006993, "96": 0.993006993006993, "92": 0.993006993006993}}, "GuidedGradCam": {"replaceWithZero": {"99": 0.9920079920079921, "98": 0.988011988011988, "96": 0.98001998001998, "92": 0.9790209790209791}, "replaceWithMean": {"99": 0.993006993006993, "98": 0.985014985014985, "96": 0.9820179820179821, "92": 0.981018981018981}, "replaceWithInterp": {"99": 0.993006993006993, "98": 0.993006993006993, "96": 0.993006993006993, "92": 0.993006993006993}}, "Lime": {"replaceWithZero": {"99": 0.993006993006993, "98": 0.993006993006993, "96": 0.993006993006993, "92": 0.993006993006993}, "replaceWithMean": {"99": 0.993006993006993, "98": 0.993006993006993, "96": 0.993006993006993, "92": 0.993006993006993}, "replaceWithInterp": {"99": 0.993006993006993, "98": 0.993006993006993, "96": 0.993006993006993, "92": 0.993006993006993}}, "GradCAMpp": {"replaceWithZero": {"99": 0.993006993006993, "98": 0.993006993006993, "96": 0.9920079920079921, "92": 0.978021978021978}, "replaceWithMean": {"99": 0.993006993006993, "98": 0.993006993006993, "96": 0.993006993006993, "92": 0.978021978021978}, "replaceWithInterp": {"99": 0.993006993006993, "98": 0.993006993006993, "96": 0.993006993006993, "92": 0.993006993006993}}, "SmoothGradCAMpp": {"replaceWithZero": {"99": 0.993006993006993, "98": 0.993006993006993, "96": 0.9920079920079921, "92": 0.9820179820179821}, "replaceWithMean": {"99": 0.993006993006993, "98": 0.993006993006993, "96": 0.993006993006993, "92": 0.983016983016983}, "replaceWithInterp": {"99": 0.993006993006993, "98": 0.993006993006993, "96": 0.993006993006993, "92": 0.993006993006993}}, "ScoreCAM": {"replaceWithZero": {"99": 0.993006993006993, "98": 0.993006993006993, "96": 0.989010989010989, "92": 0.9590409590409591}, "replaceWithMean": {"99": 0.993006993006993, "98": 0.993006993006993, "96": 0.988011988011988, "92": 0.9500499500499501}, "replaceWithInterp": {"99": 0.993006993006993, "98": 0.993006993006993, "96": 0.993006993006993, "92": 0.9920079920079921}}, "RISE": {"replaceWithZero": {"99": 0.9920079920079921, "98": 0.9920079920079921, "96": 0.9690309690309691, "92": 0.7692307692307693}, "replaceWithMean": {"99": 0.9920079920079921, "98": 0.9920079920079921, "96": 0.97002997002997, "92": 0.8001998001998002}, "replaceWithInterp": {"99": 0.993006993006993, "98": 0.993006993006993, "96": 0.993006993006993, "92": 0.9820179820179821}}}, "-1": {"no_replace": 0.12187812187812187, "Saliency": {"replaceWithZero": {"99": 0.12187812187812187, "98": 0.12187812187812187, "96": 0.1018981018981019, "92": 0.0959040959040959}, "replaceWithMean": {"99": 0.12087912087912088, "98": 0.12087912087912088, "96": 0.10789210789210789, "92": 0.0969030969030969}, "replaceWithInterp": {"99": 0.12287712287712288, "98": 0.12287712287712288, "96": 0.12287712287712288, "92": 0.11988011988011989}}, "IntegratedGradients": {"replaceWithZero": {"99": 0.11388611388611389, "98": 0.0979020979020979, "96": 0.08491508491508491, "92": 0.04395604395604396}, "replaceWithMean": {"99": 0.11388611388611389, "98": 0.1008991008991009, "96": 0.08591408591408592, "92": 0.052947052947052944}, "replaceWithInterp": {"99": 0.12087912087912088, "98": 0.11988011988011989, "96": 0.12187812187812187, "92": 0.12187812187812187}}, "InputXGradient": {"replaceWithZero": {"99": 0.11388611388611389, "98": 0.10589410589410589, "96": 0.0899100899100899, "92": 0.07192807192807193}, "replaceWithMean": {"99": 0.11188811188811189, "98": 0.1028971028971029, "96": 0.09090909090909091, "92": 0.07492507492507493}, "replaceWithInterp": {"99": 0.12187812187812187, "98": 0.12287712287712288, "96": 0.12187812187812187, "92": 0.12087912087912088}}, "GuidedBackprop": {"replaceWithZero": {"99": 0.12287712287712288, "98": 0.11388611388611389, "96": 0.1048951048951049, "92": 0.08891108891108891}, "replaceWithMean": {"99": 0.12387612387612387, "98": 0.11288711288711288, "96": 0.1068931068931069, "92": 0.09490509490509491}, "replaceWithInterp": {"99": 0.12287712287712288, "98": 0.12287712287712288, "96": 0.12387612387612387, "92": 0.12187812187812187}}, "LayerGradCam": {"replaceWithZero": {"99": 0.12487512487512488, "98": 0.12487512487512488, "96": 0.1258741258741259, "92": 0.12287712287712288}, "replaceWithMean": {"99": 0.12187812187812187, "98": 0.12187812187812187, "96": 0.11888111888111888, "92": 0.11988011988011989}, "replaceWithInterp": {"99": 0.12187812187812187, "98": 0.12187812187812187, "96": 0.12387612387612387, "92": 0.12387612387612387}}, "GuidedGradCam": {"replaceWithZero": {"99": 0.11888111888111888, "98": 0.11888111888111888, "96": 0.11888111888111888, "92": 0.11788211788211789}, "replaceWithMean": {"99": 0.11888111888111888, "98": 0.11888111888111888, "96": 0.11688311688311688, "92": 0.11788211788211789}, "replaceWithInterp": {"99": 0.12187812187812187, "98": 0.12087912087912088, "96": 0.12087912087912088, "92": 0.12187812187812187}}, "Lime": {"replaceWithZero": {"99": 0.12187812187812187, "98": 0.12187812187812187, "96": 0.12187812187812187, "92": 0.12187812187812187}, "replaceWithMean": {"99": 0.12187812187812187, "98": 0.12187812187812187, "96": 0.12187812187812187, "92": 0.12187812187812187}, "replaceWithInterp": {"99": 0.12187812187812187, "98": 0.12187812187812187, "96": 0.12187812187812187, "92": 0.12187812187812187}}, "GradCAMpp": {"replaceWithZero": {"99": 0.12387612387612387, "98": 0.1258741258741259, "96": 0.1258741258741259, "92": 0.12687312687312688}, "replaceWithMean": {"99": 0.12387612387612387, "98": 0.12487512487512488, "96": 0.1258741258741259, "92": 0.12687312687312688}, "replaceWithInterp": {"99": 0.12187812187812187, "98": 0.12187812187812187, "96": 0.12187812187812187, "92": 0.12387612387612387}}, "SmoothGradCAMpp": {"replaceWithZero": {"99": 0.12387612387612387, "98": 0.12487512487512488, "96": 0.1258741258741259, "92": 0.12687312687312688}, "replaceWithMean": {"99": 0.12387612387612387, "98": 0.12387612387612387, "96": 0.1258741258741259, "92": 0.12687312687312688}, "replaceWithInterp": {"99": 0.12187812187812187, "98": 0.12187812187812187, "96": 0.12187812187812187, "92": 0.12387612387612387}},