{"no_randomized": 0.993006993006993, "0": {"no_replace": 0.993006993006993, "Saliency": {"replaceWithZero_most": {"95": 0.9310689310689311, "90": 0.8541458541458542, "85": 0.7992007992007992, "80": 0.7442557442557443}, "replaceWithMean_most": {"95": 0.9300699300699301, "90": 0.8761238761238761, "85": 0.8151848151848152, "80": 0.7432567432567433}, "replaceWithInterp_most": {"95": 0.993006993006993, "90": 0.993006993006993, "85": 0.993006993006993, "80": 0.993006993006993}}, "IntegratedGradients": {"replaceWithZero_most": {"95": 0.6313686313686314, "90": 0.3096903096903097, "85": 0.16183816183816183, "80": 0.08091908091908091}, "replaceWithMean_most": {"95": 0.6563436563436563, "90": 0.36163836163836166, "85": 0.25574425574425574, "80": 0.17682317682317683}, "replaceWithInterp_most": {"95": 0.993006993006993, "90": 0.993006993006993, "85": 0.9920079920079921, "80": 0.9920079920079921}}, "InputXGradient": {"replaceWithZero_most": {"95": 0.6893106893106893, "90": 0.4385614385614386, "85": 0.29270729270729273, "80": 0.19880119880119881}, "replaceWithMean_most": {"95": 0.7022977022977023, "90": 0.4775224775224775, "85": 0.3336663336663337, "80": 0.24375624375624375}, "replaceWithInterp_most": {"95": 0.993006993006993, "90": 0.993006993006993, "85": 0.993006993006993, "80": 0.993006993006993}}, "GuidedBackprop": {"replaceWithZero_most": {"95": 0.8911088911088911, "90": 0.8281718281718282, "85": 0.7872127872127872, "80": 0.7592407592407593}, "replaceWithMean_most": {"95": 0.9070929070929071, "90": 0.8531468531468531, "85": 0.8111888111888111, "80": 0.7812187812187812}, "replaceWithInterp_most": {"95": 0.993006993006993, "90": 0.993006993006993, "85": 0.993006993006993, "80": 0.993006993006993}}, "LayerGradCam": {"replaceWithZero_most": {"95": 0.977022977022977, "90": 0.9210789210789211, "85": 0.8551448551448552, "80": 0.7652347652347652}, "replaceWithMean_most": {"95": 0.98001998001998, "90": 0.9200799200799201, "85": 0.8811188811188811, "80": 0.8151848151848152}, "replaceWithInterp_most": {"95": 0.993006993006993, "90": 0.993006993006993, "85": 0.983016983016983, "80": 0.961038961038961}}, "GuidedGradCam": {"replaceWithZero_most": {"95": 0.978021978021978, "90": 0.977022977022977, "85": 0.9760239760239761, "80": 0.975024975024975}, "replaceWithMean_most": {"95": 0.9820179820179821, "90": 0.9820179820179821, "85": 0.98001998001998, "80": 0.98001998001998}, "replaceWithInterp_most": {"95": 0.993006993006993, "90": 0.993006993006993, "85": 0.993006993006993, "80": 0.993006993006993}}, "Lime": {"replaceWithZero_most": {"95": 0.993006993006993, "90": 0.993006993006993, "85": 0.993006993006993, "80": 0.993006993006993}, "replaceWithMean_most": {"95": 0.993006993006993, "90": 0.993006993006993, "85": 0.993006993006993, "80": 0.993006993006993}, "replaceWithInterp_most": {"95": 0.993006993006993, "90": 0.993006993006993, "85": 0.993006993006993, "80": 0.993006993006993}}, "GradCAMpp": {"replaceWithZero_most": {"95": 0.99000999000999, "90": 0.97002997002997, "85": 0.954045954045954, "80": 0.9280719280719281}, "replaceWithMean_most": {"95": 0.993006993006993, "90": 0.975024975024975, "85": 0.97002997002997, "80": 0.955044955044955}, "replaceWithInterp_most": {"95": 0.993006993006993, "90": 0.993006993006993, "85": 0.9920079920079921, "80": 0.988011988011988}}, "SmoothGradCAMpp": {"replaceWithZero_most": {"95": 0.991008991008991, "90": 0.9820179820179821, "85": 0.964035964035964, "80": 0.938061938061938}, "replaceWithMean_most": {"95": 0.993006993006993, "90": 0.984015984015984, "85": 0.9790209790209791, "80": 0.9690309690309691}, "replaceWithInterp_most": {"95": 0.993006993006993, "90": 0.9920079920079921, "85": 0.99000999000999, "80": 0.988011988011988}}, "ScoreCAM": {"replaceWithZero_most": {"95": 0.989010989010989, "90": 0.8681318681318682, "85": 0.7482517482517482, "80": 0.5714285714285714}, "replaceWithMean_most": {"95": 0.988011988011988, "90": 0.8511488511488512, "85": 0.7792207792207793, "80": 0.6443556443556444}, "replaceWithInterp_most": {"95": 0.993006993006993, "90": 0.984015984015984, "85": 0.967032967032967, "80": 0.8591408591408591}}, "RISE": {"replaceWithZero_most": {"95": 0.942057942057942, "90": 0.6623376623376623, "85": 0.44155844155844154, "80": 0.3386613386613387}, "replaceWithMean_most": {"95": 0.9460539460539461, "90": 0.7172827172827173, "85": 0.5904095904095904, "80": 0.5234765234765235}, "replaceWithInterp_most": {"95": 0.993006993006993, "90": 0.965034965034965, "85": 0.7742257742257742, "80": 0.6003996003996004}}}, "-1": {"no_replace": 0.1088911088911089, "Saliency": {"replaceWithZero_most": {"95": 0.0999000999000999, "90": 0.08891108891108891, "85": 0.08091908091908091, "80": 0.06893106893106893}, "replaceWithMean_most": {"95": 0.1018981018981019, "90": 0.0959040959040959, "85": 0.08391608391608392, "80": 0.07092907092907093}, "replaceWithInterp_most": {"95": 0.1088911088911089, "90": 0.1088911088911089, "85": 0.10989010989010989, "80": 0.1088911088911089}}, "IntegratedGradients": {"replaceWithZero_most": {"95": 0.04195804195804196, "90": 0.01998001998001998, "85": 0.01998001998001998, "80": 0.014985014985014986}, "replaceWithMean_most": {"95": 0.03396603396603397, "90": 0.006993006993006993, "85": 0.002997002997002997, "80": 0.003996003996003996}, "replaceWithInterp_most": {"95": 0.10989010989010989, "90": 0.1088911088911089, "85": 0.10989010989010989, "80": 0.10789210789210789}}, "InputXGradient": {"replaceWithZero_most": {"95": 0.06993006993006994, "90": 0.03896103896103896, "85": 0.030969030969030968, "80": 0.025974025974025976}, "replaceWithMean_most": {"95": 0.06493506493506493, "90": 0.022977022977022976, "85": 0.01098901098901099, "80": 0.012987012987012988}, "replaceWithInterp_most": {"95": 0.1088911088911089, "90": 0.10789210789210789, "85": 0.10989010989010989, "80": 0.1108891108891109}}, "GuidedBackprop": {"replaceWithZero_most": {"95": 0.08891108891108891, "90": 0.07892107892107893, "85": 0.06993006993006994, "80": 0.06593406593406594}, "replaceWithMean_most": {"95": 0.0999000999000999, "90": 0.09290709290709291, "85": 0.08791208791208792, "80": 0.08491508491508491}, "replaceWithInterp_most": {"95": 0.1088911088911089, "90": 0.1088911088911089, "85": 0.1088911088911089, "80": 0.1088911088911089}}, "LayerGradCam": {"replaceWithZero_most": {"95": 0.07092907092907093, "90": 0.057942057942057944, "85": 0.053946053946053944, "80": 0.05094905094905095}, "replaceWithMean_most": {"95": 0.07092907092907093, "90": 0.06393606393606394, "85": 0.058941058941058944, "80": 0.061938061938061936}, "replaceWithInterp_most": {"95": 0.1108891108891109, "90": 0.1008991008991009, "85": 0.08791208791208792, "80": 0.09090909090909091}}, "GuidedGradCam": {"replaceWithZero_most": {"95": 0.10589410589410589, "90": 0.1038961038961039, "85": 0.1038961038961039, "80": 0.1038961038961039}, "replaceWithMean_most": {"95": 0.10789210789210789, "90": 0.1048951048951049, "85": 0.1048951048951049, "80": 0.1048951048951049}, "replaceWithInterp_most": {"95": 0.1088911088911089, "90": 0.1088911088911089, "85": 0.1088911088911089, "80": 0.1088911088911089}}, "Lime": {"replaceWithZero_most": {"95": 0.1088911088911089, "90": 0.1088911088911089, "85": 0.1088911088911089, "80": 0.1088911088911089}, "replaceWithMean_most": {"95": 0.1088911088911089, "90": 0.1088911088911089, "85": 0.1088911088911089, "80": 0.1088911088911089}, "replaceWithInterp_most": {"95": 0.1088911088911089, "90": 0.1088911088911089, "85": 0.1088911088911089, "80": 0.1088911088911089}}, "GradCAMpp": {"replaceWithZero_most": {"95": 0.08191808191808192, "90": 0.07092907092907093, "85": 0.06893106893106893, "80": 0.06893106893106893}, "replaceWithMean_most": {"95": 0.08191808191808192, "90": 0.07092907092907093, "85": 0.06893106893106893, "80": 0.06893106893106893}, "replaceWithInterp_most": {"95": 0.1088911088911089, "90": 0.1038961038961039, "85": 0.1028971028971029, "80": 0.0999000999000999}}, "SmoothGradCAMpp": {"replaceWithZero_most": {"95": 0.08491508491508491, "90": 0.07792207792207792,