{"no_randomized": 1.0, "0": {"no_replace": 1.0, "Saliency": {"replaceWithZero_most": {"95": 0.9444444444444444, "90": 0.9074074074074074, "85": 0.8518518518518519, "80": 0.8240740740740741}, "replaceWithMean_most": {"95": 0.9537037037037037, "90": 0.8888888888888888, "85": 0.8148148148148148, "80": 0.7407407407407407}, "replaceWithInterp_most": {"95": 1.0, "90": 1.0, "85": 1.0, "80": 1.0}}, "IntegratedGradients": {"replaceWithZero_most": {"95": 0.6851851851851852, "90": 0.3611111111111111, "85": 0.19444444444444445, "80": 0.14814814814814814}, "replaceWithMean_most": {"95": 0.6666666666666666, "90": 0.3888888888888889, "85": 0.21296296296296297, "80": 0.1111111111111111}, "replaceWithInterp_most": {"95": 1.0, "90": 1.0, "85": 0.9907407407407407, "80": 0.9907407407407407}}, "InputXGradient": {"replaceWithZero_most": {"95": 0.6481481481481481, "90": 0.37037037037037035, "85": 0.21296296296296297, "80": 0.12962962962962962}, "replaceWithMean_most": {"95": 0.6481481481481481, "90": 0.37037037037037035, "85": 0.25, "80": 0.1111111111111111}, "replaceWithInterp_most": {"95": 1.0, "90": 0.9907407407407407, "85": 0.9907407407407407, "80": 0.9907407407407407}}, "GuidedBackprop": {"replaceWithZero_most": {"95": 0.9814814814814815, "90": 0.8611111111111112, "85": 0.7592592592592593, "80": 0.6574074074074074}, "replaceWithMean_most": {"95": 0.9722222222222222, "90": 0.7870370370370371, "85": 0.7037037037037037, "80": 0.6388888888888888}, "replaceWithInterp_most": {"95": 1.0, "90": 1.0, "85": 1.0, "80": 1.0}}, "LayerGradCam": {"replaceWithZero_most": {"95": 0.9907407407407407, "90": 0.8981481481481481, "85": 0.8333333333333334, "80": 0.8148148148148148}, "replaceWithMean_most": {"95": 1.0, "90": 0.8981481481481481, "85": 0.8425925925925926, "80": 0.8055555555555556}, "replaceWithInterp_most": {"95": 1.0, "90": 1.0, "85": 1.0, "80": 1.0}}, "GuidedGradCam": {"replaceWithZero_most": {"95": 0.9814814814814815, "90": 0.9629629629629629, "85": 0.9074074074074074, "80": 0.8425925925925926}, "replaceWithMean_most": {"95": 0.9814814814814815, "90": 0.9351851851851852, "85": 0.8888888888888888, "80": 0.8703703703703703}, "replaceWithInterp_most": {"95": 1.0, "90": 1.0, "85": 1.0, "80": 1.0}}, "Lime": {"replaceWithZero_most": {"95": 1.0, "90": 1.0, "85": 1.0, "80": 1.0}, "replaceWithMean_most": {"95": 1.0, "90": 1.0, "85": 1.0, "80": 1.0}, "replaceWithInterp_most": {"95": 1.0, "90": 1.0, "85": 1.0, "80": 1.0}}, "GradCAMpp": {"replaceWithZero_most": {"95": 0.9814814814814815, "90": 0.8888888888888888, "85": 0.8425925925925926, "80": 0.8148148148148148}, "replaceWithMean_most": {"95": 0.9814814814814815, "90": 0.8703703703703703, "85": 0.8425925925925926, "80": 0.8240740740740741}, "replaceWithInterp_most": {"95": 1.0, "90": 1.0, "85": 1.0, "80": 1.0}}, "SmoothGradCAMpp": {"replaceWithZero_most": {"95": 0.9814814814814815, "90": 0.8888888888888888, "85": 0.8425925925925926, "80": 0.7962962962962963}, "replaceWithMean_most": {"95": 0.9814814814814815, "90": 0.8703703703703703, "85": 0.8425925925925926, "80": 0.8148148148148148}, "replaceWithInterp_most": {"95": 1.0, "90": 1.0, "85": 1.0, "80": 1.0}}, "ScoreCAM": {"replaceWithZero_most": {"95": 0.9629629629629629, "90": 0.8981481481481481, "85": 0.8703703703703703, "80": 0.7592592592592593}, "replaceWithMean_most": {"95": 0.9629629629629629, "90": 0.8981481481481481, "85": 0.8240740740740741, "80": 0.7129629629629629}, "replaceWithInterp_most": {"95": 1.0, "90": 1.0, "85": 1.0, "80": 1.0}}, "RISE": {"replaceWithZero_most": {"95": 0.9074074074074074, "90": 0.8888888888888888, "85": 0.75, "80": 0.6203703703703703}, "replaceWithMean_most": {"95": 0.8981481481481481, "90": 0.8703703703703703, "85": 0.7222222222222222, "80": 0.6203703703703703}, "replaceWithInterp_most": {"95": 1.0, "90": 1.0, "85": 1.0, "80": 1.0}}}, "-1": {"no_replace": 0.09259259259259259, "Saliency": {"replaceWithZero_most": {"95": 0.10185185185185185, "90": 0.1111111111111111, "85": 0.10185185185185185, "80": 0.1111111111111111}, "replaceWithMean_most": {"95": 0.10185185185185185, "90": 0.1111111111111111, "85": 0.10185185185185185, "80": 0.10185185185185185}, "replaceWithInterp_most": {"95": 0.09259259259259259, "90": 0.09259259259259259, "85": 0.10185185185185185, "80": 0.10185185185185185}}, "IntegratedGradients": {"replaceWithZero_most": {"95": 0.10185185185185185, "90": 0.1574074074074074, "85": 0.12037037037037036, "80": 0.10185185185185185}, "replaceWithMean_most": {"95": 0.10185185185185185, "90": 0.18518518518518517, "85": 0.14814814814814814, "80": 0.10185185185185185}, "replaceWithInterp_most": {"95": 0.09259259259259259, "90": 0.08333333333333333, "85": 0.07407407407407407, "80": 0.07407407407407407}}, "InputXGradient": {"replaceWithZero_most": {"95": 0.10185185185185185, "90": 0.12037037037037036, "85": 0.12962962962962962, "80": 0.10185185185185185}, "replaceWithMean_most": {"95": 0.1111111111111111, "90": 0.1574074074074074, "85": 0.16666666666666666, "80": 0.12037037037037036}, "replaceWithInterp_most": {"95": 0.09259259259259259, "90": 0.09259259259259259, "85": 0.07407407407407407, "80": 0.06481481481481481}}, "GuidedBackprop": {"replaceWithZero_most": {"95": 0.08333333333333333, "90": 0.05555555555555555, "85": 0.046296296296296294, "80": 0.037037037037037035}, "replaceWithMean_most": {"95": 0.08333333333333333, "90": 0.06481481481481481, "85": 0.06481481481481481, "80": 0.06481481481481481}, "replaceWithInterp_most": {"95": 0.09259259259259259, "90": 0.09259259259259259, "85": 0.08333333333333333, "80": 0.08333333333333333}}, "LayerGradCam": {"replaceWithZero_most": {"95": 0.1111111111111111, "90": 0.10185185185185185, "85": 0.10185185185185185, "80": 0.1111111111111111}, "replaceWithMean_most": {"95": 0.1111111111111111, "90": 0.10185185185185185, "85": 0.10185185185185185, "80": 0.10185185185185185}, "replaceWithInterp_most": {"95": 0.08333333333333333, "90": 0.08333333333333333, "85": 0.09259259259259259, "80": 0.09259259259259259}}, "GuidedGradCam": {"replaceWithZero_most": {"95": 0.09259259259259259, "90": 0.09259259259259259, "85": 0.10185185185185185, "80": 0.09259259259259259}, "replaceWithMean_most": {"95": 0.09259259259259259, "90": 0.09259259259259259, "85": 0.1111111111111111, "80": 0.1111111111111111}, "replaceWithInterp_most": {"95": 0.09259259259259259, "90": 0.09259259259259259, "85": 0.09259259259259259, "80": 0.09259259259259259}}, "Lime": {"replaceWithZero_most": {"95": 0.09259259259259259, "90": 0.09259259259259259, "85": 0.09259259259259259, "80": 0.09259259259259259}, "replaceWithMean_most": {"95": 0.09259259259259259, "90": 0.09259259259259259, "85": 0.09259259259259259, "80": 0.09259259259259259}, "replaceWithInterp_most": {"95": 0.09259259259259259, "90": 0.09259259259259259, "85": 0.09259259259259259, "80": 0.09259259259259259}}, "GradCAMpp": {"replaceWithZero_most": {"95": 0.1111111111111111, "90": 0.1111111111111111, "85": 0.10185185185185185, "80": 0.10185185185185185}, "replaceWithMean_most": {"95": 0.1111111111111111, "90": 0.12037037037037036, "85": 0.10185185185185185, "80": 0.10185185185185185}, "replaceWithInterp_most": {"95": 0.08333333333333333, "90": 0.08333333333333333, "85": 0.09259259259259259, "80": 0.09259259259259259}}, "SmoothGradCAMpp": {"replaceWithZero_most": {"95": 0.1111111111111111, "90": 0.1111111111111111, "85": 0.10185185185185185, "80": 0.10185185185185185}, "replaceWithMean_most": {"95": 0.1111111111111111, "90": 0.12037037037037036, "85": 0.10185185185185185, "80": 0.10185185185185185}, "replaceWithInterp_most": {"95": 0.08333333333333333, "90": 0.08333333333333333, "85": 0.09259259259259259, "80": 0.09259259259259259}}, "ScoreCAM": {"replaceWithZero_most": {"95": 0.1111111111111111, "90": 0.09259259259259259, "85": 0.08333333333333333, "80": 0.08333333333333333}, "replaceWithMean_most": {"95": 0.1111111111111111, "90": 0.09259259259259259, "85": 0.10185185185185185, "80": 0.10185185185185185}, "replaceWithInterp_most": {"95": 0.08333333333333333, "90": 0.08333333333333333,