{"no_randomized": 0.948905109489051, "0": {"no_replace": 0.948905109489051, "Saliency": {"replaceWithZero_most": {"95": 0.708029197080292, "90": 0.46715328467153283, "85": 0.3722627737226277, "80": 0.291970802919708}, "replaceWithMean_most": {"95": 0.8905109489051095, "90": 0.8102189781021898, "85": 0.7664233576642335, "80": 0.7153284671532847}, "replaceWithInterp_most": {"95": 0.948905109489051, "90": 0.948905109489051, "85": 0.9562043795620438, "80": 0.9562043795620438}}, "IntegratedGradients": {"replaceWithZero_most": {"95": 0.41605839416058393, "90": 0.24817518248175183, "85": 0.23357664233576642, "80": 0.23357664233576642}, "replaceWithMean_most": {"95": 0.7664233576642335, "90": 0.635036496350365, "85": 0.5693430656934306, "80": 0.5474452554744526}, "replaceWithInterp_most": {"95": 0.948905109489051, "90": 0.948905109489051, "85": 0.927007299270073, "80": 0.9124087591240876}}, "InputXGradient": {"replaceWithZero_most": {"95": 0.40875912408759124, "90": 0.25547445255474455, "85": 0.24087591240875914, "80": 0.23357664233576642}, "replaceWithMean_most": {"95": 0.7737226277372263, "90": 0.656934306569343, "85": 0.583941605839416, "80": 0.5401459854014599}, "replaceWithInterp_most": {"95": 0.948905109489051, "90": 0.9343065693430657, "85": 0.927007299270073, "80": 0.9124087591240876}}, "GuidedBackprop": {"replaceWithZero_most": {"95": 0.7518248175182481, "90": 0.6204379562043796, "85": 0.5693430656934306, "80": 0.5474452554744526}, "replaceWithMean_most": {"95": 0.8540145985401459, "90": 0.7883211678832117, "85": 0.7591240875912408, "80": 0.7591240875912408}, "replaceWithInterp_most": {"95": 0.948905109489051, "90": 0.9416058394160584, "85": 0.9416058394160584, "80": 0.9343065693430657}}, "LayerGradCam": {"replaceWithZero_most": {"95": 0.927007299270073, "90": 0.8467153284671532, "85": 0.7737226277372263, "80": 0.6934306569343066}, "replaceWithMean_most": {"95": 0.948905109489051, "90": 0.948905109489051, "85": 0.9197080291970803, "80": 0.8759124087591241}, "replaceWithInterp_most": {"95": 0.948905109489051, "90": 0.9343065693430657, "85": 0.9416058394160584, "80": 0.948905109489051}}, "GuidedGradCam": {"replaceWithZero_most": {"95": 0.7956204379562044, "90": 0.635036496350365, "85": 0.5693430656934306, "80": 0.5401459854014599}, "replaceWithMean_most": {"95": 0.8759124087591241, "90": 0.8029197080291971, "85": 0.7664233576642335, "80": 0.7445255474452555}, "replaceWithInterp_most": {"95": 0.948905109489051, "90": 0.9416058394160584, "85": 0.9416058394160584, "80": 0.9197080291970803}}, "Lime": {"replaceWithZero_most": {"95": 0.948905109489051, "90": 0.948905109489051, "85": 0.948905109489051, "80": 0.948905109489051}, "replaceWithMean_most": {"95": 0.948905109489051, "90": 0.948905109489051, "85": 0.948905109489051, "80": 0.948905109489051}, "replaceWithInterp_most": {"95": 0.948905109489051, "90": 0.948905109489051, "85": 0.948905109489051, "80": 0.948905109489051}}, "GradCAMpp": {"replaceWithZero_most": {"95": 0.9197080291970803, "90": 0.8467153284671532, "85": 0.7737226277372263, "80": 0.6788321167883211}, "replaceWithMean_most": {"95": 0.948905109489051, "90": 0.948905109489051, "85": 0.9124087591240876, "80": 0.8686131386861314}, "replaceWithInterp_most": {"95": 0.948905109489051, "90": 0.9343065693430657, "85": 0.9416058394160584, "80": 0.948905109489051}}, "SmoothGradCAMpp": {"replaceWithZero_most": {"95": 0.927007299270073, "90": 0.8467153284671532, "85": 0.781021897810219, "80": 0.6861313868613139}, "replaceWithMean_most": {"95": 0.948905109489051, "90": 0.948905109489051, "85": 0.927007299270073, "80": 0.8759124087591241}, "replaceWithInterp_most": {"95": 0.948905109489051, "90": 0.9343065693430657, "85": 0.9416058394160584, "80": 0.948905109489051}}, "ScoreCAM": {"replaceWithZero_most": {"95": 0.9343065693430657, "90": 0.8467153284671532, "85": 0.7883211678832117, "80": 0.6788321167883211}, "replaceWithMean_most": {"95": 0.948905109489051, "90": 0.9562043795620438, "85": 0.9343065693430657, "80": 0.8759124087591241}, "replaceWithInterp_most": {"95": 0.948905109489051, "90": 0.9416058394160584, "85": 0.9562043795620438, "80": 0.948905109489051}}, "RISE": {"replaceWithZero_most": {"95": 0.8832116788321168, "90": 0.7372262773722628, "85": 0.6496350364963503, "80": 0.6131386861313869}, "replaceWithMean_most": {"95": 0.9562043795620438, "90": 0.948905109489051, "85": 0.927007299270073, "80": 0.8905109489051095}, "replaceWithInterp_most": {"95": 0.948905109489051, "90": 0.9343065693430657, "85": 0.9343065693430657, "80": 0.8832116788321168}}}, "-1": {"no_replace": 0.021897810218978103, "Saliency": {"replaceWithZero_most": {"95": 0.10218978102189781, "90": 0.1386861313868613, "85": 0.21897810218978103, "80": 0.2773722627737226}, "replaceWithMean_most": {"95": 0.08759124087591241, "90": 0.1678832116788321, "85": 0.19708029197080293, "80": 0.2116788321167883}, "replaceWithInterp_most": {"95": 0.014598540145985401, "90": 0.014598540145985401, "85": 0.014598540145985401, "80": 0.014598540145985401}}, "IntegratedGradients": {"replaceWithZero_most": {"95": 0.2116788321167883, "90": 0.34306569343065696, "85": 0.35036496350364965, "80": 0.31386861313868614}, "replaceWithMean_most": {"95": 0.17518248175182483, "90": 0.2773722627737226, "85": 0.29927007299270075, "80": 0.25547445255474455}, "replaceWithInterp_most": {"95": 0.021897810218978103, "90": 0.029197080291970802, "85": 0.06569343065693431, "80": 0.0948905109489051}}, "InputXGradient": {"replaceWithZero_most": {"95": 0.20437956204379562, "90": 0.3357664233576642, "85": 0.32116788321167883, "80": 0.2773722627737226}, "replaceWithMean_most": {"95": 0.17518248175182483, "90": 0.26277372262773724, "85": 0.26277372262773724, "80": 0.21897810218978103}, "replaceWithInterp_most": {"95": 0.021897810218978103, "90": 0.0364963503649635, "85": 0.06569343065693431, "80": 0.08759124087591241}}, "GuidedBackprop": {"replaceWithZero_most": {"95": 0.1386861313868613, "90": 0.20437956204379562, "85": 0.15328467153284672, "80": 0.17518248175182483}, "replaceWithMean_most": {"95": 0.08759124087591241, "90": 0.18248175182481752, "85": 0.1897810218978102, "80": 0.19708029197080293}, "replaceWithInterp_most": {"95": 0.021897810218978103, "90": 0.043795620437956206, "85": 0.08029197080291971, "80": 0.11678832116788321}}, "LayerGradCam": {"replaceWithZero_most": {"95": 0.029197080291970802, "90": 0.08029197080291971, "85": 0.0948905109489051, "80": 0.10218978102189781}, "replaceWithMean_most": {"95": 0.014598540145985401, "90": 0.021897810218978103, "85": 0.043795620437956206, "80": 0.08029197080291971}, "replaceWithInterp_most": {"95": 0.021897810218978103, "90": 0.021897810218978103, "85": 0.0364963503649635, "80": 0.029197080291970802}}, "GuidedGradCam": {"replaceWithZero_most": {"95": 0.11678832116788321, "90": 0.19708029197080293, "85": 0.17518248175182483, "80": 0.15328467153284672}, "replaceWithMean_most": {"95": 0.072992700729927, "90": 0.1678832116788321, "85": 0.19708029197080293, "80": 0.1897810218978102}, "replaceWithInterp_most": {"95": 0.021897810218978103, "90": 0.043795620437956206, "85": 0.0948905109489051, "80": 0.10948905109489052}}, "Lime": {"replaceWithZero_most": {"95": 0.021897810218978103, "90": 0.021897810218978103, "85": 0.021897810218978103, "80": 0.021897810218978103}, "replaceWithMean_most": {"95": 0.021897810218978103, "90": 0.021897810218978103, "85": 0.021897810218978103, "80": 0.021897810218978103}, "replaceWithInterp_most": {"95": 0.021897810218978103, "90": 0.021897810218978103, "85": 0.021897810218978103, "80": 0.021897810218978103}}, "GradCAMpp": {"replaceWithZero_most": {"95": 0.029197080291970802, "90": 0.08029197080291971, "85": 0.0948905109489051, "80": 0.10218978102189781}, "replaceWithMean_most": {"95": 0.014598540145985401, "90": 0.021897810218978103, "85": 0.043795620437956206, "80": 0.08759124087591241}, "replaceWithInterp_most": {"95": 0.021897810218978103, "90": 0.021897810218978103, "85": 0.0364963503649635, "80": 0.029197080291970802}},