{"no_randomized": 0.8506666666666667, "0": {"no_replace": 0.8506666666666667, "Saliency": {"replaceWithZero_most": {"95": 0.5386666666666666, "90": 0.472, "85": 0.45866666666666667, "80": 0.448}, "replaceWithMean_most": {"95": 0.536, "90": 0.4613333333333333, "85": 0.456, "80": 0.44}, "replaceWithInterp_most": {"95": 0.7733333333333333, "90": 0.7226666666666667, "85": 0.6506666666666666, "80": 0.5973333333333334}}, "IntegratedGradients": {"replaceWithZero_most": {"95": 0.376, "90": 0.3333333333333333, "85": 0.30933333333333335, "80": 0.288}, "replaceWithMean_most": {"95": 0.37866666666666665, "90": 0.336, "85": 0.2986666666666667, "80": 0.288}, "replaceWithInterp_most": {"95": 0.6826666666666666, "90": 0.696, "85": 0.6906666666666667, "80": 0.6826666666666666}}, "InputXGradient": {"replaceWithZero_most": {"95": 0.352, "90": 0.30666666666666664, "85": 0.272, "80": 0.25066666666666665}, "replaceWithMean_most": {"95": 0.3546666666666667, "90": 0.304, "85": 0.27466666666666667, "80": 0.25066666666666665}, "replaceWithInterp_most": {"95": 0.6933333333333334, "90": 0.7066666666666667, "85": 0.7066666666666667, "80": 0.712}}, "GuidedBackprop": {"replaceWithZero_most": {"95": 0.424, "90": 0.4266666666666667, "85": 0.424, "80": 0.42933333333333334}, "replaceWithMean_most": {"95": 0.4266666666666667, "90": 0.4266666666666667, "85": 0.424, "80": 0.4266666666666667}, "replaceWithInterp_most": {"95": 0.536, "90": 0.5226666666666666, "85": 0.5306666666666666, "80": 0.52}}, "LayerGradCam": {"replaceWithZero_most": {"95": 0.6586666666666666, "90": 0.5226666666666666, "85": 0.49333333333333335, "80": 0.4826666666666667}, "replaceWithMean_most": {"95": 0.648, "90": 0.528, "85": 0.49333333333333335, "80": 0.4826666666666667}, "replaceWithInterp_most": {"95": 0.672, "90": 0.5093333333333333, "85": 0.4746666666666667, "80": 0.4746666666666667}}, "GuidedGradCam": {"replaceWithZero_most": {"95": 0.464, "90": 0.4613333333333333, "85": 0.464, "80": 0.4613333333333333}, "replaceWithMean_most": {"95": 0.464, "90": 0.4613333333333333, "85": 0.464, "80": 0.4613333333333333}, "replaceWithInterp_most": {"95": 0.5573333333333333, "90": 0.5493333333333333, "85": 0.5493333333333333, "80": 0.5493333333333333}}, "Lime": {"replaceWithZero_most": {"95": 0.8266666666666667, "90": 0.8266666666666667, "85": 0.8266666666666667, "80": 0.8266666666666667}, "replaceWithMean_most": {"95": 0.8266666666666667, "90": 0.8266666666666667, "85": 0.8266666666666667, "80": 0.8266666666666667}, "replaceWithInterp_most": {"95": 0.8453333333333334, "90": 0.8453333333333334, "85": 0.8453333333333334, "80": 0.8453333333333334}}, "GradCAMpp": {"replaceWithZero_most": {"95": 0.6453333333333333, "90": 0.5413333333333333, "85": 0.5093333333333333, "80": 0.5066666666666667}, "replaceWithMean_most": {"95": 0.64, "90": 0.536, "85": 0.5093333333333333, "80": 0.5093333333333333}, "replaceWithInterp_most": {"95": 0.656, "90": 0.52, "85": 0.49066666666666664, "80": 0.488}}, "SmoothGradCAMpp": {"replaceWithZero_most": {"95": 0.6426666666666667, "90": 0.5546666666666666, "85": 0.512, "80": 0.5093333333333333}, "replaceWithMean_most": {"95": 0.6373333333333333, "90": 0.5493333333333333, "85": 0.512, "80": 0.512}, "replaceWithInterp_most": {"95": 0.6586666666666666, "90": 0.5306666666666666, "85": 0.49333333333333335, "80": 0.488}}, "ScoreCAM": {"replaceWithZero_most": {"95": 0.5786666666666667, "90": 0.488, "85": 0.4666666666666667, "80": 0.456}, "replaceWithMean_most": {"95": 0.576, "90": 0.4826666666666667, "85": 0.4666666666666667, "80": 0.456}, "replaceWithInterp_most": {"95": 0.6693333333333333, "90": 0.456, "85": 0.43466666666666665, "80": 0.42933333333333334}}, "RISE": {"replaceWithZero_most": {"95": 0.4666666666666667, "90": 0.45866666666666667, "85": 0.44, "80": 0.4106666666666667}, "replaceWithMean_most": {"95": 0.4693333333333333, "90": 0.44533333333333336, "85": 0.448, "80": 0.4106666666666667}, "replaceWithInterp_most": {"95": 0.5066666666666667, "90": 0.4106666666666667, "85": 0.392, "80": 0.38133333333333336}}}, "-1": {"no_replace": 0.08266666666666667, "Saliency": {"replaceWithZero_most": {"95": 0.22666666666666666, "90": 0.224, "85": 0.26666666666666666, "80": 0.2773333333333333}, "replaceWithMean_most": {"95": 0.224, "90": 0.22933333333333333, "85": 0.26666666666666666, "80": 0.272}, "replaceWithInterp_most": {"95": 0.10933333333333334, "90": 0.136, "85": 0.152, "80": 0.17333333333333334}}, "IntegratedGradients": {"replaceWithZero_most": {"95": 0.344, "90": 0.34933333333333333, "85": 0.38133333333333336, "80": 0.392}, "replaceWithMean_most": {"95": 0.3413333333333333, "90": 0.3466666666666667, "85": 0.37333333333333335, "80": 0.38133333333333336}, "replaceWithInterp_most": {"95": 0.12266666666666666, "90": 0.11733333333333333, "85": 0.12, "80": 0.12266666666666666}}, "InputXGradient": {"replaceWithZero_most": {"95": 0.30133333333333334, "90": 0.336, "85": 0.3626666666666667, "80": 0.3626666666666667}, "replaceWithMean_most": {"95": 0.2986666666666667, "90": 0.3333333333333333, "85": 0.36533333333333334, "80": 0.36533333333333334}, "replaceWithInterp_most": {"95": 0.104, "90": 0.10933333333333334, "85": 0.112, "80": 0.12}}, "GuidedBackprop": {"replaceWithZero_most": {"95": 0.3253333333333333, "90": 0.32266666666666666, "85": 0.33066666666666666, "80": 0.31733333333333336}, "replaceWithMean_most": {"95": 0.3253333333333333, "90": 0.31466666666666665, "85": 0.31733333333333336, "80": 0.31733333333333336}, "replaceWithInterp_most": {"95": 0.25333333333333335, "90": 0.28, "85": 0.27466666666666667, "80": 0.2773333333333333}}, "LayerGradCam": {"replaceWithZero_most": {"95": 0.16, "90": 0.18133333333333335, "85": 0.23733333333333334, "80": 0.2906666666666667}, "replaceWithMean_most": {"95": 0.16, "90": 0.18133333333333335, "85": 0.232, "80": 0.28}, "replaceWithInterp_most": {"95": 0.15733333333333333, "90": 0.216, "85": 0.25333333333333335, "80": 0.30133333333333334}}, "GuidedGradCam": {"replaceWithZero_most": {"95": 0.2826666666666667, "90": 0.2906666666666667, "85": 0.2906666666666667, "80": 0.288}, "replaceWithMean_most": {"95": 0.2853333333333333, "90": 0.288, "85": 0.2906666666666667, "80": 0.29333333333333333}, "replaceWithInterp_most": {"95": 0.232, "90": 0.232, "85": 0.22933333333333333, "80": 0.22933333333333333}}, "Lime": {"replaceWithZero_most": {"95": 0.08266666666666667, "90": 0.08266666666666667, "85": 0.08266666666666667, "80": 0.08266666666666667}, "replaceWithMean_most": {"95": 0.08266666666666667, "90": 0.08266666666666667, "85": 0.08266666666666667, "80": 0.08266666666666667}, "replaceWithInterp_most": {"95": 0.08266666666666667, "90": 0.08266666666666667, "85": 0.08266666666666667, "80": 0.08266666666666667}}, "GradCAMpp": {"replaceWithZero_most": {"95": 0.17333333333333334, "90": 0.17866666666666667, "85": 0.24266666666666667, "80": 0.2906666666666667}, "replaceWithMean_most": {"95": 0.176, "90": 0.17866666666666667, "85": 0.23733333333333334, "80": 0.2853333333333333}, "replaceWithInterp_most": {"95": 0.16533333333333333, "90": 0.21333333333333335, "85": 0.232, "80": 0.25866666666666666}}, "SmoothGradCAMpp": {"replaceWithZero_most": {"95": 0.17866666666666667, "90": 0.18933333333333333, "85": 0.25866666666666666, "80": 0.30666666666666664}, "replaceWithMean_most": {"95": 0.18133333333333335, "90": 0.18666666666666668, "85": 0.25066666666666665, "80": 0.30133333333333334}, "replaceWithInterp_most": {"95": 0.16266666666666665, "90": 0.21866666666666668, "85": 0.24266666666666667, "80": 0.272}}, "ScoreCAM": {"replaceWithZero_most": {"95": 0.16533333333333333, "90": 0.21866666666666668, "85": 0.24, "80": 0.29333333333333333}, "replaceWithMean_most": {"95": 0.168, "90": 0.216, "85": 0.23733333333333334, "80": 0.29333333333333333}, "replaceWithInterp_most": {"95": 0.13066666666666665, "90": 0.24266666666666667, "85": 0.25066666666666665, "80": 0.2773333333333333}}, "RISE": {"replaceWithZero_most": {"95": 0.12533333333333332, "90": 0.168, "85": 0.17333333333333334, "80": 0.17066666666666666},