{"0": {"no_replace": 0.8506666666666667, "Saliency": {"replaceWithZero": {"99": 0.7413333333333333, "98": 0.6693333333333333, "96": 0.5466666666666666, "92": 0.49333333333333335}, "replaceWithMean": {"99": 0.7386666666666667, "98": 0.672, "96": 0.5386666666666666, "92": 0.49333333333333335}, "replaceWithInterp": {"99": 0.7866666666666666, "98": 0.7973333333333333, "96": 0.7786666666666666, "92": 0.7466666666666667}}, "IntegratedGradients": {"replaceWithZero": {"99": 0.4266666666666667, "98": 0.384, "96": 0.37866666666666665, "92": 0.3626666666666667}, "replaceWithMean": {"99": 0.424, "98": 0.384, "96": 0.37866666666666665, "92": 0.35733333333333334}, "replaceWithInterp": {"99": 0.72, "98": 0.7093333333333334, "96": 0.6853333333333333, "92": 0.6933333333333334}}, "InputXGradient": {"replaceWithZero": {"99": 0.44533333333333336, "98": 0.38133333333333336, "96": 0.3546666666666667, "92": 0.3253333333333333}, "replaceWithMean": {"99": 0.44266666666666665, "98": 0.384, "96": 0.35733333333333334, "92": 0.32266666666666666}, "replaceWithInterp": {"99": 0.7066666666666667, "98": 0.7066666666666667, "96": 0.6906666666666667, "92": 0.7013333333333334}}, "GuidedBackprop": {"replaceWithZero": {"99": 0.5093333333333333, "98": 0.44266666666666665, "96": 0.424, "92": 0.424}, "replaceWithMean": {"99": 0.504, "98": 0.44, "96": 0.424, "92": 0.424}, "replaceWithInterp": {"99": 0.6426666666666667, "98": 0.5813333333333334, "96": 0.5386666666666666, "92": 0.5226666666666666}}, "LayerGradCam": {"replaceWithZero": {"99": 0.792, "98": 0.7546666666666667, "96": 0.68, "92": 0.5573333333333333}, "replaceWithMean": {"99": 0.792, "98": 0.7493333333333333, "96": 0.6773333333333333, "92": 0.5573333333333333}, "replaceWithInterp": {"99": 0.8373333333333334, "98": 0.8106666666666666, "96": 0.712, "92": 0.5386666666666666}}, "GuidedGradCam": {"replaceWithZero": {"99": 0.5546666666666666, "98": 0.4826666666666667, "96": 0.4666666666666667, "92": 0.464}, "replaceWithMean": {"99": 0.552, "98": 0.4826666666666667, "96": 0.4666666666666667, "92": 0.464}, "replaceWithInterp": {"99": 0.6773333333333333, "98": 0.6266666666666667, "96": 0.5653333333333334, "92": 0.5493333333333333}}, "Lime": {"replaceWithZero": {"99": 0.824, "98": 0.824, "96": 0.824, "92": 0.824}, "replaceWithMean": {"99": 0.824, "98": 0.824, "96": 0.824, "92": 0.824}, "replaceWithInterp": {"99": 0.8453333333333334, "98": 0.8453333333333334, "96": 0.8453333333333334, "92": 0.8453333333333334}}, "GradCAMpp": {"replaceWithZero": {"99": 0.8026666666666666, "98": 0.7733333333333333, "96": 0.6933333333333334, "92": 0.56}, "replaceWithMean": {"99": 0.8026666666666666, "98": 0.7653333333333333, "96": 0.6906666666666667, "92": 0.56}, "replaceWithInterp": {"99": 0.8373333333333334, "98": 0.8, "96": 0.7386666666666667, "92": 0.5466666666666666}}, "SmoothGradCAMpp": {"replaceWithZero": {"99": 0.8026666666666666, "98": 0.776, "96": 0.6933333333333334, "92": 0.5653333333333334}, "replaceWithMean": {"99": 0.8026666666666666, "98": 0.768, "96": 0.688, "92": 0.5626666666666666}, "replaceWithInterp": {"99": 0.8373333333333334, "98": 0.8026666666666666, "96": 0.7413333333333333, "92": 0.552}}, "ScoreCAM": {"replaceWithZero": {"99": 0.8506666666666667, "98": 0.8506666666666667, "96": 0.5786666666666667, "92": 0.4826666666666667}, "replaceWithMean": {"99": 0.8506666666666667, "98": 0.8506666666666667, "96": 0.576, "92": 0.4826666666666667}, "replaceWithInterp": {"99": 0.8506666666666667, "98": 0.8506666666666667, "96": 0.6693333333333333, "92": 0.5066666666666667}}, "RISE": {"replaceWithZero": {"99": 0.6133333333333333, "98": 0.56, "96": 0.49066666666666664, "92": 0.45066666666666666}, "replaceWithMean": {"99": 0.6133333333333333, "98": 0.56, "96": 0.48533333333333334, "92": 0.43733333333333335}, "replaceWithInterp": {"99": 0.752, "98": 0.6613333333333333, "96": 0.544, "92": 0.44266666666666665}}}, "1": {"no_replace": 0.4026666666666667, "Saliency": {"replaceWithZero": {"99": 0.37333333333333335, "98": 0.3466666666666667, "96": 0.328, "92": 0.3253333333333333}, "replaceWithMean": {"99": 0.37333333333333335, "98": 0.3466666666666667, "96": 0.328, "92": 0.3253333333333333}, "replaceWithInterp": {"99": 0.4026666666666667, "98": 0.4026666666666667, "96": 0.424, "92": 0.44}}, "IntegratedGradients": {"replaceWithZero": {"99": 0.3253333333333333, "98": 0.3413333333333333, "96": 0.3546666666666667, "92": 0.36}, "replaceWithMean": {"99": 0.33066666666666666, "98": 0.33866666666666667, "96": 0.352, "92": 0.3546666666666667}, "replaceWithInterp": {"99": 0.37866666666666665, "98": 0.37066666666666664, "96": 0.376, "92": 0.384}}, "InputXGradient": {"replaceWithZero": {"99": 0.3333333333333333, "98": 0.3333333333333333, "96": 0.336, "92": 0.3546666666666667}, "replaceWithMean": {"99": 0.3333333333333333, "98": 0.3333333333333333, "96": 0.336, "92": 0.352}, "replaceWithInterp": {"99": 0.38133333333333336, "98": 0.37066666666666664, "96": 0.37866666666666665, "92": 0.38133333333333336}}, "GuidedBackprop": {"replaceWithZero": {"99": 0.344, "98": 0.3413333333333333, "96": 0.3466666666666667, "92": 0.344}, "replaceWithMean": {"99": 0.3466666666666667, "98": 0.3413333333333333, "96": 0.3466666666666667, "92": 0.344}, "replaceWithInterp": {"99": 0.37066666666666664, "98": 0.35733333333333334, "96": 0.3466666666666667, "92": 0.3466666666666667}}, "LayerGradCam": {"replaceWithZero": {"99": 0.39466666666666667, "98": 0.3973333333333333, "96": 0.38666666666666666, "92": 0.3893333333333333}, "replaceWithMean": {"99": 0.39466666666666667, "98": 0.3973333333333333, "96": 0.38666666666666666, "92": 0.392}, "replaceWithInterp": {"99": 0.4, "98": 0.408, "96": 0.408, "92": 0.3973333333333333}}, "GuidedGradCam": {"replaceWithZero": {"99": 0.3546666666666667, "98": 0.3413333333333333, "96": 0.344, "92": 0.3413333333333333}, "replaceWithMean": {"99": 0.3546666666666667, "98": 0.3413333333333333, "96": 0.344, "92": 0.3413333333333333}, "replaceWithInterp": {"99": 0.368, "98": 0.3546666666666667, "96": 0.34933333333333333, "92": 0.336}}, "Lime": {"replaceWithZero": {"99": 0.4026666666666667, "98": 0.4026666666666667, "96": 0.4026666666666667, "92": 0.4026666666666667}, "replaceWithMean": {"99": 0.4026666666666667, "98": 0.4026666666666667, "96": 0.4026666666666667, "92": 0.4026666666666667}, "replaceWithInterp": {"99": 0.4026666666666667, "98": 0.4026666666666667, "96": 0.4026666666666667, "92": 0.4026666666666667}}, "GradCAMpp": {"replaceWithZero": {"99": 0.4, "98": 0.4, "96": 0.3973333333333333, "92": 0.38666666666666666}, "replaceWithMean": {"99": 0.4, "98": 0.4, "96": 0.3973333333333333, "92": 0.38666666666666666}, "replaceWithInterp": {"99": 0.4026666666666667, "98": 0.4, "96": 0.3973333333333333, "92": 0.392}}, "SmoothGradCAMpp": {"replaceWithZero": {"99": 0.4, "98": 0.4, "96": 0.3973333333333333, "92": 0.38666666666666666}, "replaceWithMean": {"99": 0.4, "98": 0.4, "96": 0.3973333333333333, "92": 0.38666666666666666}, "replaceWithInterp": {"99": 0.4, "98": 0.4026666666666667, "96": 0.3973333333333333, "92": 0.392}}, "ScoreCAM": {"replaceWithZero": {"99": 0.4026666666666667, "98": 0.4026666666666667, "96": 0.3973333333333333, "92": 0.39466666666666667}, "replaceWithMean": {"99": 0.4026666666666667, "98": 0.4026666666666667, "96": 0.3973333333333333, "92": 0.39466666666666667}, "replaceWithInterp": {"99": 0.4026666666666667, "98": 0.4026666666666667, "96": 0.3973333333333333, "92": 0.39466666666666667}}, "RISE": {"replaceWithZero": {"99": 0.35733333333333334, "98": 0.3546666666666667, "96": 0.3333333333333333, "92": 0.328}, "replaceWithMean": {"99": 0.35733333333333334, "98": 0.3546666666666667, "96": 0.33066666666666666, "92": 0.3253333333333333}, "replaceWithInterp": {"99": 0.38133333333333336, "98": 0.36533333333333334, "96": 0.3413333333333333, "92": 0.344}}}, "2": {"no_replace": 0.24266666666666667, "Saliency": {"replaceWithZero": {"99": 0.25333333333333335, "98": 0.264, "96": 0.256, "92": 0.248}, "replaceWithMean": {"99": 0.25333333333333335, "98": 0.2613333333333333,