{"no_randomized": 0.9540918163672655, "0": {"no_replace": 0.9540918163672655, "Saliency": {"replaceWithZero_most": {"95": 0.7744510978043913, "90": 0.6716566866267465, "85": 0.5738522954091816, "80": 0.49101796407185627}, "replaceWithMean_most": {"95": 0.7884231536926147, "90": 0.6786427145708582, "85": 0.5658682634730539, "80": 0.5079840319361277}, "replaceWithInterp_most": {"95": 0.9291417165668663, "90": 0.9161676646706587, "85": 0.8882235528942116, "80": 0.8782435129740519}}, "IntegratedGradients": {"replaceWithZero_most": {"95": 0.4491017964071856, "90": 0.22255489021956087, "85": 0.124750499001996, "80": 0.08383233532934131}, "replaceWithMean_most": {"95": 0.4750499001996008, "90": 0.25349301397205587, "85": 0.1467065868263473, "80": 0.0968063872255489}, "replaceWithInterp_most": {"95": 0.9221556886227545, "90": 0.8842315369261478, "85": 0.846307385229541, "80": 0.8133732534930139}}, "InputXGradient": {"replaceWithZero_most": {"95": 0.48602794411177647, "90": 0.312375249500998, "85": 0.2315369261477046, "80": 0.17664670658682635}, "replaceWithMean_most": {"95": 0.4870259481037924, "90": 0.3253493013972056, "85": 0.2465069860279441, "80": 0.19161676646706588}, "replaceWithInterp_most": {"95": 0.8942115768463074, "90": 0.8562874251497006, "85": 0.810379241516966, "80": 0.7924151696606786}}, "GuidedBackprop": {"replaceWithZero_most": {"95": 0.6626746506986028, "90": 0.5538922155688623, "85": 0.4550898203592814, "80": 0.3932135728542914}, "replaceWithMean_most": {"95": 0.6477045908183633, "90": 0.5439121756487026, "85": 0.4500998003992016, "80": 0.3992015968063872}, "replaceWithInterp_most": {"95": 0.8922155688622755, "90": 0.8493013972055888, "85": 0.811377245508982, "80": 0.7914171656686627}}, "LayerGradCam": {"replaceWithZero_most": {"95": 0.9311377245508982, "90": 0.9001996007984032, "85": 0.875249500998004, "80": 0.8363273453093812}, "replaceWithMean_most": {"95": 0.9331337325349301, "90": 0.909181636726547, "85": 0.8892215568862275, "80": 0.8612774451097804}, "replaceWithInterp_most": {"95": 0.9461077844311377, "90": 0.9241516966067864, "85": 0.9141716566866267, "80": 0.8992015968063872}}, "GuidedGradCam": {"replaceWithZero_most": {"95": 0.9191616766467066, "90": 0.9121756487025948, "85": 0.907185628742515, "80": 0.9101796407185628}, "replaceWithMean_most": {"95": 0.9191616766467066, "90": 0.9141716566866267, "85": 0.9111776447105788, "80": 0.9101796407185628}, "replaceWithInterp_most": {"95": 0.9451097804391217, "90": 0.937125748502994, "85": 0.935129740518962, "80": 0.935129740518962}}, "Lime": {"replaceWithZero_most": {"95": 0.9530938123752495, "90": 0.9530938123752495, "85": 0.9530938123752495, "80": 0.9530938123752495}, "replaceWithMean_most": {"95": 0.9530938123752495, "90": 0.9530938123752495, "85": 0.9530938123752495, "80": 0.9530938123752495}, "replaceWithInterp_most": {"95": 0.9540918163672655, "90": 0.9540918163672655, "85": 0.9540918163672655, "80": 0.9540918163672655}}, "GradCAMpp": {"replaceWithZero_most": {"95": 0.9500998003992016, "90": 0.9510978043912176, "85": 0.9491017964071856, "80": 0.9461077844311377}, "replaceWithMean_most": {"95": 0.9510978043912176, "90": 0.9510978043912176, "85": 0.9491017964071856, "80": 0.9461077844311377}, "replaceWithInterp_most": {"95": 0.9540918163672655, "90": 0.9530938123752495, "85": 0.9540918163672655, "80": 0.9500998003992016}}, "SmoothGradCAMpp": {"replaceWithZero_most": {"95": 0.9540918163672655, "90": 0.9530938123752495, "85": 0.9530938123752495, "80": 0.9530938123752495}, "replaceWithMean_most": {"95": 0.9540918163672655, "90": 0.9540918163672655, "85": 0.9530938123752495, "80": 0.9530938123752495}, "replaceWithInterp_most": {"95": 0.9540918163672655, "90": 0.9540918163672655, "85": 0.9550898203592815, "80": 0.9550898203592815}}, "ScoreCAM": {"replaceWithZero_most": {"95": 0.8273453093812375, "90": 0.6816367265469062, "85": 0.563872255489022, "80": 0.4221556886227545}, "replaceWithMean_most": {"95": 0.8193612774451098, "90": 0.6996007984031936, "85": 0.6027944111776448, "80": 0.49001996007984033}, "replaceWithInterp_most": {"95": 0.9041916167664671, "90": 0.8153692614770459, "85": 0.7564870259481038, "80": 0.6786427145708582}}, "RISE": {"replaceWithZero_most": {"95": 0.6596806387225549, "90": 0.48003992015968067, "85": 0.2964071856287425, "80": 0.17165668662674652}, "replaceWithMean_most": {"95": 0.6666666666666666, "90": 0.5109780439121756, "85": 0.34830339321357284, "80": 0.22055888223552894}, "replaceWithInterp_most": {"95": 0.8013972055888223, "90": 0.6437125748502994, "85": 0.5319361277445109, "80": 0.40818363273453095}}}, "-1": {"no_replace": 0.020958083832335328, "Saliency": {"replaceWithZero_most": {"95": 0.01996007984031936, "90": 0.01996007984031936, "85": 0.020958083832335328, "80": 0.018962075848303395}, "replaceWithMean_most": {"95": 0.021956087824351298, "90": 0.020958083832335328, "85": 0.017964071856287425, "80": 0.017964071856287425}, "replaceWithInterp_most": {"95": 0.020958083832335328, "90": 0.01996007984031936, "85": 0.020958083832335328, "80": 0.020958083832335328}}, "IntegratedGradients": {"replaceWithZero_most": {"95": 0.020958083832335328, "90": 0.023952095808383235, "85": 0.023952095808383235, "80": 0.021956087824351298}, "replaceWithMean_most": {"95": 0.023952095808383235, "90": 0.0249500998003992, "85": 0.02594810379241517, "80": 0.023952095808383235}, "replaceWithInterp_most": {"95": 0.020958083832335328, "90": 0.022954091816367265, "85": 0.020958083832335328, "80": 0.020958083832335328}}, "InputXGradient": {"replaceWithZero_most": {"95": 0.018962075848303395, "90": 0.021956087824351298, "85": 0.0249500998003992, "80": 0.0249500998003992}, "replaceWithMean_most": {"95": 0.021956087824351298, "90": 0.02694610778443114, "85": 0.027944111776447105, "80": 0.02694610778443114}, "replaceWithInterp_most": {"95": 0.018962075848303395, "90": 0.018962075848303395, "85": 0.018962075848303395, "80": 0.016966067864271458}}, "GuidedBackprop": {"replaceWithZero_most": {"95": 0.022954091816367265, "90": 0.022954091816367265, "85": 0.021956087824351298, "80": 0.01996007984031936}, "replaceWithMean_most": {"95": 0.021956087824351298, "90": 0.020958083832335328, "85": 0.020958083832335328, "80": 0.018962075848303395}, "replaceWithInterp_most": {"95": 0.018962075848303395, "90": 0.01996007984031936, "85": 0.020958083832335328, "80": 0.018962075848303395}}, "LayerGradCam": {"replaceWithZero_most": {"95": 0.020958083832335328, "90": 0.01996007984031936, "85": 0.021956087824351298, "80": 0.017964071856287425}, "replaceWithMean_most": {"95": 0.020958083832335328, "90": 0.018962075848303395, "85": 0.015968063872255488, "80": 0.015968063872255488}, "replaceWithInterp_most": {"95": 0.021956087824351298, "90": 0.018962075848303395, "85": 0.018962075848303395, "80": 0.015968063872255488}}, "GuidedGradCam": {"replaceWithZero_most": {"95": 0.020958083832335328, "90": 0.021956087824351298, "85": 0.021956087824351298, "80": 0.022954091816367265}, "replaceWithMean_most": {"95": 0.021956087824351298, "90": 0.021956087824351298, "85": 0.021956087824351298, "80": 0.022954091816367265}, "replaceWithInterp_most": {"95": 0.020958083832335328, "90": 0.020958083832335328, "85": 0.020958083832335328, "80": 0.020958083832335328}}, "Lime": {"replaceWithZero_most": {"95": 0.020958083832335328, "90": 0.020958083832335328, "85": 0.020958083832335328, "80": 0.020958083832335328}, "replaceWithMean_most": {"95": 0.020958083832335328, "90": 0.020958083832335328, "85": 0.020958083832335328, "80": 0.020958083832335328}, "replaceWithInterp_most": {"95": 0.020958083832335328, "90": 0.020958083832335328, "85": 0.020958083832335328, "80": 0.020958083832335328}}, "GradCAMpp": {"replaceWithZero_most": {"95": 0.01996007984031936, "90": 0.01996007984031936, "85": 0.018962075848303395, "80": 0.018962075848303395}, "replaceWithMean_most": {"95": 0.01996007984031936, "90": 0.01996007984031936, "85": 0.018962075848303395, "80": 0.018962075848303395}, "replaceWithInterp_most": {"95": 0.020958083832335328,