{"0": {"no_replace": 0.9540918163672655, "Saliency": {"replaceWithZero": {"99": 0.8902195608782435, "98": 0.8622754491017964, "96": 0.7944111776447106, "92": 0.7125748502994012}, "replaceWithMean": {"99": 0.8872255489021956, "98": 0.8512974051896207, "96": 0.7944111776447106, "92": 0.7115768463073853}, "replaceWithInterp": {"99": 0.9481037924151696, "98": 0.936127744510978, "96": 0.9321357285429142, "92": 0.9231536926147704}}, "IntegratedGradients": {"replaceWithZero": {"99": 0.8552894211576846, "98": 0.7285429141716567, "96": 0.5399201596806387, "92": 0.2964071856287425}, "replaceWithMean": {"99": 0.8502994011976048, "98": 0.7275449101796407, "96": 0.5409181636726547, "92": 0.3253493013972056}, "replaceWithInterp": {"99": 0.9530938123752495, "98": 0.9481037924151696, "96": 0.9261477045908184, "92": 0.8942115768463074}}, "InputXGradient": {"replaceWithZero": {"99": 0.8153692614770459, "98": 0.7035928143712575, "96": 0.5279441117764471, "92": 0.36127744510978044}, "replaceWithMean": {"99": 0.8143712574850299, "98": 0.717564870259481, "96": 0.5369261477045908, "92": 0.38223552894211577}, "replaceWithInterp": {"99": 0.9500998003992016, "98": 0.937125748502994, "96": 0.9101796407185628, "92": 0.8702594810379242}}, "GuidedBackprop": {"replaceWithZero": {"99": 0.8802395209580839, "98": 0.811377245508982, "96": 0.7055888223552894, "92": 0.5868263473053892}, "replaceWithMean": {"99": 0.8692614770459082, "98": 0.8033932135728543, "96": 0.6766467065868264, "92": 0.5878243512974052}, "replaceWithInterp": {"99": 0.9461077844311377, "98": 0.9331337325349301, "96": 0.9031936127744511, "92": 0.8662674650698603}}, "LayerGradCam": {"replaceWithZero": {"99": 0.9471057884231537, "98": 0.9481037924151696, "96": 0.9341317365269461, "92": 0.9101796407185628}, "replaceWithMean": {"99": 0.9461077844311377, "98": 0.9451097804391217, "96": 0.937125748502994, "92": 0.9191616766467066}, "replaceWithInterp": {"99": 0.9540918163672655, "98": 0.9570858283433133, "96": 0.9520958083832335, "92": 0.9321357285429142}}, "GuidedGradCam": {"replaceWithZero": {"99": 0.9411177644710579, "98": 0.936127744510978, "96": 0.9221556886227545, "92": 0.9151696606786427}, "replaceWithMean": {"99": 0.9411177644710579, "98": 0.9321357285429142, "96": 0.9261477045908184, "92": 0.9181636726546906}, "replaceWithInterp": {"99": 0.9560878243512974, "98": 0.9540918163672655, "96": 0.9471057884231537, "92": 0.9391217564870259}}, "Lime": {"replaceWithZero": {"99": 0.9520958083832335, "98": 0.9520958083832335, "96": 0.9520958083832335, "92": 0.9520958083832335}, "replaceWithMean": {"99": 0.9520958083832335, "98": 0.9520958083832335, "96": 0.9520958083832335, "92": 0.9520958083832335}, "replaceWithInterp": {"99": 0.9540918163672655, "98": 0.9540918163672655, "96": 0.9540918163672655, "92": 0.9540918163672655}}, "GradCAMpp": {"replaceWithZero": {"99": 0.9540918163672655, "98": 0.9540918163672655, "96": 0.9520958083832335, "92": 0.9510978043912176}, "replaceWithMean": {"99": 0.9540918163672655, "98": 0.9540918163672655, "96": 0.9520958083832335, "92": 0.9510978043912176}, "replaceWithInterp": {"99": 0.9540918163672655, "98": 0.9540918163672655, "96": 0.9530938123752495, "92": 0.9540918163672655}}, "SmoothGradCAMpp": {"replaceWithZero": {"99": 0.9540918163672655, "98": 0.9540918163672655, "96": 0.9540918163672655, "92": 0.9540918163672655}, "replaceWithMean": {"99": 0.9540918163672655, "98": 0.9540918163672655, "96": 0.9540918163672655, "92": 0.9540918163672655}, "replaceWithInterp": {"99": 0.9540918163672655, "98": 0.9540918163672655, "96": 0.9540918163672655, "92": 0.9540918163672655}}, "ScoreCAM": {"replaceWithZero": {"99": 0.9540918163672655, "98": 0.9540918163672655, "96": 0.8273453093812375, "92": 0.7435129740518962}, "replaceWithMean": {"99": 0.9540918163672655, "98": 0.9540918163672655, "96": 0.8193612774451098, "92": 0.7485029940119761}, "replaceWithInterp": {"99": 0.9540918163672655, "98": 0.9540918163672655, "96": 0.9041916167664671, "92": 0.8622754491017964}}, "RISE": {"replaceWithZero": {"99": 0.8782435129740519, "98": 0.8273453093812375, "96": 0.7095808383233533, "92": 0.562874251497006}, "replaceWithMean": {"99": 0.8862275449101796, "98": 0.8223552894211577, "96": 0.718562874251497, "92": 0.5848303393213573}, "replaceWithInterp": {"99": 0.9441117764471058, "98": 0.9241516966067864, "96": 0.8253493013972056, "92": 0.6966067864271457}}}, "1": {"no_replace": 0.08483033932135728, "Saliency": {"replaceWithZero": {"99": 0.08383233532934131, "98": 0.08083832335329341, "96": 0.08283433133732535, "92": 0.07584830339321358}, "replaceWithMean": {"99": 0.08483033932135728, "98": 0.08483033932135728, "96": 0.08183632734530938, "92": 0.07784431137724551}, "replaceWithInterp": {"99": 0.08582834331337326, "98": 0.08582834331337326, "96": 0.08782435129740519, "92": 0.08383233532934131}}, "IntegratedGradients": {"replaceWithZero": {"99": 0.08682634730538923, "98": 0.0748502994011976, "96": 0.06087824351297405, "92": 0.06087824351297405}, "replaceWithMean": {"99": 0.08582834331337326, "98": 0.07285429141716566, "96": 0.06287425149700598, "92": 0.05688622754491018}, "replaceWithInterp": {"99": 0.08283433133732535, "98": 0.07984031936127745, "96": 0.07984031936127745, "92": 0.07684630738522955}}, "InputXGradient": {"replaceWithZero": {"99": 0.08283433133732535, "98": 0.07884231536926148, "96": 0.07684630738522955, "92": 0.07784431137724551}, "replaceWithMean": {"99": 0.08283433133732535, "98": 0.07884231536926148, "96": 0.07784431137724551, "92": 0.07584830339321358}, "replaceWithInterp": {"99": 0.08283433133732535, "98": 0.07984031936127745, "96": 0.08183632734530938, "92": 0.08283433133732535}}, "GuidedBackprop": {"replaceWithZero": {"99": 0.08582834331337326, "98": 0.07884231536926148, "96": 0.07684630738522955, "92": 0.07684630738522955}, "replaceWithMean": {"99": 0.08782435129740519, "98": 0.07784431137724551, "96": 0.07584830339321358, "92": 0.0748502994011976}, "replaceWithInterp": {"99": 0.08483033932135728, "98": 0.07984031936127745, "96": 0.08283433133732535, "92": 0.08283433133732535}}, "LayerGradCam": {"replaceWithZero": {"99": 0.08383233532934131, "98": 0.08483033932135728, "96": 0.08682634730538923, "92": 0.08283433133732535}, "replaceWithMean": {"99": 0.08283433133732535, "98": 0.08283433133732535, "96": 0.08582834331337326, "92": 0.08582834331337326}, "replaceWithInterp": {"99": 0.08383233532934131, "98": 0.08582834331337326, "96": 0.08582834331337326, "92": 0.08483033932135728}}, "GuidedGradCam": {"replaceWithZero": {"99": 0.08582834331337326, "98": 0.08283433133732535, "96": 0.07884231536926148, "92": 0.07285429141716566}, "replaceWithMean": {"99": 0.08682634730538923, "98": 0.08383233532934131, "96": 0.07884231536926148, "92": 0.07684630738522955}, "replaceWithInterp": {"99": 0.08582834331337326, "98": 0.08483033932135728, "96": 0.08483033932135728, "92": 0.08483033932135728}}, "Lime": {"replaceWithZero": {"99": 0.08483033932135728, "98": 0.08483033932135728, "96": 0.08483033932135728, "92": 0.08483033932135728}, "replaceWithMean": {"99": 0.08483033932135728, "98": 0.08483033932135728, "96": 0.08483033932135728, "92": 0.08483033932135728}, "replaceWithInterp": {"99": 0.08483033932135728, "98": 0.08483033932135728, "96": 0.08483033932135728, "92": 0.08483033932135728}}, "GradCAMpp": {"replaceWithZero": {"99": 0.08283433133732535, "98": 0.08682634730538923, "96": 0.08383233532934131, "92": 0.08483033932135728}, "replaceWithMean": {"99": 0.08383233532934131, "98": 0.08582834331337326, "96": 0.08383233532934131, "92": 0.08582834331337326}, "replaceWithInterp": {"99": 0.08383233532934131, "98": 0.08183632734530938, "96": 0.08582834331337326, "92": 0.08383233532934131}}, "SmoothGradCAMpp": {"replaceWithZero": {"99": 0.08183632734530938, "98": 0.08483033932135728, "96": 0.08383233532934131, "92": 0.08782435129740519}, "replaceWithMean": {"99": 0.08383233532934131, "98": 0.08582834331337326, "96": 0.08582834331337326, "92": 0.08582834331337326}, "replaceWithInterp": {"99": 0.08483033932135728,