{"no_randomized": 0.9853181076672104, "0": {"no_replace": 0.9853181076672104, "Saliency": {"replaceWithZero_most": {"95": 0.9168026101141925, "90": 0.9070146818923328, "85": 0.8841761827079935, "80": 0.8531810766721044}, "replaceWithMean_most": {"95": 0.9184339314845025, "90": 0.9053833605220228, "85": 0.8760195758564437, "80": 0.8564437194127243}, "replaceWithInterp_most": {"95": 0.9853181076672104, "90": 0.9771615008156607, "85": 0.9722675367047309, "80": 0.9592169657422512}}, "IntegratedGradients": {"replaceWithZero_most": {"95": 0.7879282218597063, "90": 0.636215334420881, "85": 0.531810766721044, "80": 0.49592169657422513}, "replaceWithMean_most": {"95": 0.7879282218597063, "90": 0.632952691680261, "85": 0.533442088091354, "80": 0.4926590538336052}, "replaceWithInterp_most": {"95": 0.9771615008156607, "90": 0.9526916802610114, "85": 0.9477977161500816, "80": 0.933115823817292}}, "InputXGradient": {"replaceWithZero_most": {"95": 0.7944535073409462, "90": 0.6443719412724307, "85": 0.5758564437194127, "80": 0.5252854812398042}, "replaceWithMean_most": {"95": 0.7928221859706363, "90": 0.6411092985318108, "85": 0.5742251223491027, "80": 0.533442088091354}, "replaceWithInterp_most": {"95": 0.9755301794453507, "90": 0.9592169657422512, "85": 0.9494290375203915, "80": 0.9412724306688418}}, "GuidedBackprop": {"replaceWithZero_most": {"95": 0.8760195758564437, "90": 0.8482871125611745, "85": 0.8515497553017944, "80": 0.8711256117455138}, "replaceWithMean_most": {"95": 0.8792822185970636, "90": 0.8499184339314845, "85": 0.8597063621533442, "80": 0.8792822185970636}, "replaceWithInterp_most": {"95": 0.9690048939641109, "90": 0.965742251223491, "85": 0.965742251223491, "80": 0.965742251223491}}, "LayerGradCam": {"replaceWithZero_most": {"95": 0.9608482871125612, "90": 0.9282218597063622, "85": 0.9216965742251223, "80": 0.9102773246329527}, "replaceWithMean_most": {"95": 0.9592169657422512, "90": 0.9265905383360522, "85": 0.9200652528548124, "80": 0.9119086460032626}, "replaceWithInterp_most": {"95": 0.9690048939641109, "90": 0.9526916802610114, "85": 0.9510603588907015, "80": 0.9461663947797716}}, "GuidedGradCam": {"replaceWithZero_most": {"95": 0.9526916802610114, "90": 0.9494290375203915, "85": 0.9477977161500816, "80": 0.9461663947797716}, "replaceWithMean_most": {"95": 0.9510603588907015, "90": 0.9494290375203915, "85": 0.9461663947797716, "80": 0.9461663947797716}, "replaceWithInterp_most": {"95": 0.9706362153344209, "90": 0.967373572593801, "85": 0.9690048939641109, "80": 0.967373572593801}}, "Lime": {"replaceWithZero_most": {"95": 0.9853181076672104, "90": 0.9853181076672104, "85": 0.9853181076672104, "80": 0.9853181076672104}, "replaceWithMean_most": {"95": 0.9853181076672104, "90": 0.9853181076672104, "85": 0.9853181076672104, "80": 0.9853181076672104}, "replaceWithInterp_most": {"95": 0.9853181076672104, "90": 0.9853181076672104, "85": 0.9853181076672104, "80": 0.9853181076672104}}, "GradCAMpp": {"replaceWithZero_most": {"95": 0.9706362153344209, "90": 0.9510603588907015, "85": 0.933115823817292, "80": 0.9298531810766721}, "replaceWithMean_most": {"95": 0.9706362153344209, "90": 0.9526916802610114, "85": 0.9347471451876019, "80": 0.9282218597063622}, "replaceWithInterp_most": {"95": 0.9853181076672104, "90": 0.9820554649265906, "85": 0.9690048939641109, "80": 0.9624796084828712}}, "SmoothGradCAMpp": {"replaceWithZero_most": {"95": 0.9738988580750407, "90": 0.9477977161500816, "85": 0.9200652528548124, "80": 0.9216965742251223}, "replaceWithMean_most": {"95": 0.9722675367047309, "90": 0.9494290375203915, "85": 0.9249592169657422, "80": 0.9233278955954323}, "replaceWithInterp_most": {"95": 0.9853181076672104, "90": 0.9804241435562806, "85": 0.967373572593801, "80": 0.9592169657422512}}, "ScoreCAM": {"replaceWithZero_most": {"95": 0.964110929853181, "90": 0.8972267536704731, "85": 0.8156606851549756, "80": 0.7536704730831973}, "replaceWithMean_most": {"95": 0.9690048939641109, "90": 0.9004893964110929, "85": 0.8172920065252854, "80": 0.7569331158238173}, "replaceWithInterp_most": {"95": 0.9738988580750407, "90": 0.9396411092985318, "85": 0.9086460032626428, "80": 0.831973898858075}}, "RISE": {"replaceWithZero_most": {"95": 0.9086460032626428, "90": 0.8270799347471451, "85": 0.7536704730831973, "80": 0.6818923327895595}, "replaceWithMean_most": {"95": 0.9053833605220228, "90": 0.8221859706362153, "85": 0.7553017944535073, "80": 0.6737357259380098}, "replaceWithInterp_most": {"95": 0.9543230016313213, "90": 0.9004893964110929, "85": 0.8417618270799347, "80": 0.7830342577487766}}}, "-1": {"no_replace": 0.0766721044045677, "Saliency": {"replaceWithZero_most": {"95": 0.06035889070146819, "90": 0.07504078303425775, "85": 0.09624796084828711, "80": 0.11908646003262642}, "replaceWithMean_most": {"95": 0.06199021207177814, "90": 0.0766721044045677, "85": 0.10114192495921696, "80": 0.12398042414355628}, "replaceWithInterp_most": {"95": 0.0636215334420881, "90": 0.06525285481239804, "85": 0.0701468189233279, "80": 0.07504078303425775}}, "IntegratedGradients": {"replaceWithZero_most": {"95": 0.18270799347471453, "90": 0.24469820554649266, "85": 0.3132137030995106, "80": 0.3605220228384992}, "replaceWithMean_most": {"95": 0.1859706362153344, "90": 0.24796084828711257, "85": 0.3181076672104405, "80": 0.3572593800978793}, "replaceWithInterp_most": {"95": 0.08972267536704731, "90": 0.09135399673735727, "85": 0.09951060358890701, "80": 0.09787928221859707}}, "InputXGradient": {"replaceWithZero_most": {"95": 0.18270799347471453, "90": 0.25774877650897227, "85": 0.3083197389885807, "80": 0.3295269168026101}, "replaceWithMean_most": {"95": 0.18760195758564438, "90": 0.26753670473083196, "85": 0.3132137030995106, "80": 0.3360522022838499}, "replaceWithInterp_most": {"95": 0.08972267536704731, "90": 0.09951060358890701, "85": 0.09135399673735727, "80": 0.10440456769983687}}, "GuidedBackprop": {"replaceWithZero_most": {"95": 0.11419249592169657, "90": 0.1500815660685155, "85": 0.1402936378466558, "80": 0.12887438825448613}, "replaceWithMean_most": {"95": 0.11256117455138662, "90": 0.14518760195758565, "85": 0.1370309951060359, "80": 0.11908646003262642}, "replaceWithInterp_most": {"95": 0.06851549755301795, "90": 0.06851549755301795, "85": 0.05872756933115824, "80": 0.05872756933115824}}, "LayerGradCam": {"replaceWithZero_most": {"95": 0.07177814029363784, "90": 0.08482871125611746, "85": 0.08972267536704731, "80": 0.10277324632952692}, "replaceWithMean_most": {"95": 0.07504078303425775, "90": 0.08319738988580751, "85": 0.0864600326264274, "80": 0.10277324632952692}, "replaceWithInterp_most": {"95": 0.0734094616639478, "90": 0.06688417618270799, "85": 0.0701468189233279, "80": 0.0864600326264274}}, "GuidedGradCam": {"replaceWithZero_most": {"95": 0.05057096247960848, "90": 0.05057096247960848, "85": 0.0636215334420881, "80": 0.057096247960848286}, "replaceWithMean_most": {"95": 0.04404567699836868, "90": 0.05057096247960848, "85": 0.057096247960848286, "80": 0.057096247960848286}, "replaceWithInterp_most": {"95": 0.0636215334420881, "90": 0.05546492659053834, "85": 0.04404567699836868, "80": 0.04241435562805873}}, "Lime": {"replaceWithZero_most": {"95": 0.0766721044045677, "90": 0.0766721044045677, "85": 0.0766721044045677, "80": 0.0766721044045677}, "replaceWithMean_most": {"95": 0.0766721044045677, "90": 0.0766721044045677, "85": 0.0766721044045677, "80": 0.0766721044045677}, "replaceWithInterp_most": {"95": 0.0766721044045677, "90": 0.0766721044045677, "85": 0.0766721044045677, "80": 0.0766721044045677}}, "GradCAMpp": {"replaceWithZero_most": {"95": 0.07177814029363784, "90": 0.0636215334420881, "85": 0.0701468189233279, "80": 0.07177814029363784}, "replaceWithMean_most": {"95": 0.0799347471451876, "90": 0.06688417618270799, "85": 0.06688417618270799, "80": 0.0701468189233279}, "replaceWithInterp_most": {"95": 0.07177814029363784, "90": 0.06688417618270799, "85": 0.07177814029363784, "80": 0.08156606851549755}},