{"0": {"no_replace": 0.9810267857142857, "Saliency": {"replaceWithZero": {"99": 0.9810267857142857, "98": 0.9787946428571429, "96": 0.9776785714285714, "92": 0.9665178571428571}, "replaceWithMean": {"99": 0.9810267857142857, "98": 0.9787946428571429, "96": 0.9787946428571429, "92": 0.9676339285714286}, "replaceWithInterp": {"99": 0.9810267857142857, "98": 0.9810267857142857, "96": 0.9810267857142857, "92": 0.9810267857142857}}, "IntegratedGradients": {"replaceWithZero": {"99": 0.9743303571428571, "98": 0.9542410714285714, "96": 0.8883928571428571, "92": 0.7444196428571429}, "replaceWithMean": {"99": 0.9743303571428571, "98": 0.9542410714285714, "96": 0.890625, "92": 0.7410714285714286}, "replaceWithInterp": {"99": 0.9799107142857143, "98": 0.9810267857142857, "96": 0.9799107142857143, "92": 0.9799107142857143}}, "InputXGradient": {"replaceWithZero": {"99": 0.9765625, "98": 0.9609375, "96": 0.9151785714285714, "92": 0.7924107142857143}, "replaceWithMean": {"99": 0.9765625, "98": 0.9620535714285714, "96": 0.9162946428571429, "92": 0.7957589285714286}, "replaceWithInterp": {"99": 0.9810267857142857, "98": 0.9799107142857143, "96": 0.9799107142857143, "92": 0.9799107142857143}}, "GuidedBackprop": {"replaceWithZero": {"99": 0.9799107142857143, "98": 0.9799107142857143, "96": 0.9765625, "92": 0.9598214285714286}, "replaceWithMean": {"99": 0.9799107142857143, "98": 0.9787946428571429, "96": 0.9754464285714286, "92": 0.9598214285714286}, "replaceWithInterp": {"99": 0.9799107142857143, "98": 0.9810267857142857, "96": 0.9810267857142857, "92": 0.9810267857142857}}, "LayerGradCam": {"replaceWithZero": {"99": 0.9787946428571429, "98": 0.9765625, "96": 0.9743303571428571, "92": 0.9553571428571429}, "replaceWithMean": {"99": 0.9787946428571429, "98": 0.9765625, "96": 0.9732142857142857, "92": 0.9553571428571429}, "replaceWithInterp": {"99": 0.9810267857142857, "98": 0.9810267857142857, "96": 0.9810267857142857, "92": 0.9799107142857143}}, "GuidedGradCam": {"replaceWithZero": {"99": 0.9810267857142857, "98": 0.9799107142857143, "96": 0.9765625, "92": 0.9698660714285714}, "replaceWithMean": {"99": 0.9810267857142857, "98": 0.9799107142857143, "96": 0.9765625, "92": 0.9698660714285714}, "replaceWithInterp": {"99": 0.9810267857142857, "98": 0.9799107142857143, "96": 0.9810267857142857, "92": 0.9799107142857143}}, "Lime": {"replaceWithZero": {"99": 0.9810267857142857, "98": 0.9810267857142857, "96": 0.9810267857142857, "92": 0.9810267857142857}, "replaceWithMean": {"99": 0.9810267857142857, "98": 0.9810267857142857, "96": 0.9810267857142857, "92": 0.9810267857142857}, "replaceWithInterp": {"99": 0.9810267857142857, "98": 0.9810267857142857, "96": 0.9810267857142857, "92": 0.9810267857142857}}, "GradCAMpp": {"replaceWithZero": {"99": 0.9810267857142857, "98": 0.9810267857142857, "96": 0.9810267857142857, "92": 0.9787946428571429}, "replaceWithMean": {"99": 0.9810267857142857, "98": 0.9810267857142857, "96": 0.9810267857142857, "92": 0.9776785714285714}, "replaceWithInterp": {"99": 0.9810267857142857, "98": 0.9810267857142857, "96": 0.9810267857142857, "92": 0.9810267857142857}}, "SmoothGradCAMpp": {"replaceWithZero": {"99": 0.9810267857142857, "98": 0.9810267857142857, "96": 0.9810267857142857, "92": 0.9799107142857143}, "replaceWithMean": {"99": 0.9810267857142857, "98": 0.9810267857142857, "96": 0.9810267857142857, "92": 0.9799107142857143}, "replaceWithInterp": {"99": 0.9810267857142857, "98": 0.9810267857142857, "96": 0.9810267857142857, "92": 0.9810267857142857}}, "ScoreCAM": {"replaceWithZero": {"99": 0.9810267857142857, "98": 0.9810267857142857, "96": 0.9765625, "92": 0.9375}, "replaceWithMean": {"99": 0.9810267857142857, "98": 0.9810267857142857, "96": 0.9754464285714286, "92": 0.9363839285714286}, "replaceWithInterp": {"99": 0.9810267857142857, "98": 0.9810267857142857, "96": 0.9810267857142857, "92": 0.9799107142857143}}, "RISE": {"replaceWithZero": {"99": 0.9799107142857143, "98": 0.9787946428571429, "96": 0.9587053571428571, "92": 0.8392857142857143}, "replaceWithMean": {"99": 0.9799107142857143, "98": 0.9787946428571429, "96": 0.9598214285714286, "92": 0.8404017857142857}, "replaceWithInterp": {"99": 0.9810267857142857, "98": 0.9810267857142857, "96": 0.9810267857142857, "92": 0.9799107142857143}}}, "1": {"no_replace": 0.24553571428571427, "Saliency": {"replaceWithZero": {"99": 0.24776785714285715, "98": 0.23549107142857142, "96": 0.2421875, "92": 0.23325892857142858}, "replaceWithMean": {"99": 0.24553571428571427, "98": 0.23660714285714285, "96": 0.24441964285714285, "92": 0.23660714285714285}, "replaceWithInterp": {"99": 0.24553571428571427, "98": 0.24553571428571427, "96": 0.24330357142857142, "92": 0.24553571428571427}}, "IntegratedGradients": {"replaceWithZero": {"99": 0.21763392857142858, "98": 0.19196428571428573, "96": 0.16183035714285715, "92": 0.11272321428571429}, "replaceWithMean": {"99": 0.21651785714285715, "98": 0.19196428571428573, "96": 0.16183035714285715, "92": 0.11383928571428571}, "replaceWithInterp": {"99": 0.24553571428571427, "98": 0.24665178571428573, "96": 0.24553571428571427, "92": 0.24441964285714285}}, "InputXGradient": {"replaceWithZero": {"99": 0.23214285714285715, "98": 0.2109375, "96": 0.18973214285714285, "92": 0.15625}, "replaceWithMean": {"99": 0.23214285714285715, "98": 0.21316964285714285, "96": 0.18973214285714285, "92": 0.15513392857142858}, "replaceWithInterp": {"99": 0.24553571428571427, "98": 0.24441964285714285, "96": 0.24441964285714285, "92": 0.24107142857142858}}, "GuidedBackprop": {"replaceWithZero": {"99": 0.23660714285714285, "98": 0.22321428571428573, "96": 0.20870535714285715, "92": 0.18080357142857142}, "replaceWithMean": {"99": 0.23772321428571427, "98": 0.22321428571428573, "96": 0.20870535714285715, "92": 0.18080357142857142}, "replaceWithInterp": {"99": 0.24553571428571427, "98": 0.24776785714285715, "96": 0.24665178571428573, "92": 0.24553571428571427}}, "LayerGradCam": {"replaceWithZero": {"99": 0.24441964285714285, "98": 0.23883928571428573, "96": 0.2421875, "92": 0.22321428571428573}, "replaceWithMean": {"99": 0.24441964285714285, "98": 0.23883928571428573, "96": 0.24330357142857142, "92": 0.22321428571428573}, "replaceWithInterp": {"99": 0.24553571428571427, "98": 0.24776785714285715, "96": 0.24665178571428573, "92": 0.25111607142857145}}, "GuidedGradCam": {"replaceWithZero": {"99": 0.234375, "98": 0.23214285714285715, "96": 0.22098214285714285, "92": 0.21316964285714285}, "replaceWithMean": {"99": 0.23325892857142858, "98": 0.23214285714285715, "96": 0.21986607142857142, "92": 0.21316964285714285}, "replaceWithInterp": {"99": 0.24665178571428573, "98": 0.24665178571428573, "96": 0.24441964285714285, "92": 0.24441964285714285}}, "Lime": {"replaceWithZero": {"99": 0.24553571428571427, "98": 0.24553571428571427, "96": 0.24553571428571427, "92": 0.24553571428571427}, "replaceWithMean": {"99": 0.24553571428571427, "98": 0.24553571428571427, "96": 0.24553571428571427, "92": 0.24553571428571427}, "replaceWithInterp": {"99": 0.24553571428571427, "98": 0.24553571428571427, "96": 0.24553571428571427, "92": 0.24553571428571427}}, "GradCAMpp": {"replaceWithZero": {"99": 0.24665178571428573, "98": 0.2421875, "96": 0.22879464285714285, "92": 0.1875}, "replaceWithMean": {"99": 0.24665178571428573, "98": 0.2421875, "96": 0.22991071428571427, "92": 0.18638392857142858}, "replaceWithInterp": {"99": 0.24553571428571427, "98": 0.24553571428571427, "96": 0.24665178571428573, "92": 0.24665178571428573}}, "SmoothGradCAMpp": {"replaceWithZero": {"99": 0.24441964285714285, "98": 0.24441964285714285, "96": 0.23325892857142858, "92": 0.18638392857142858}, "replaceWithMean": {"99": 0.24441964285714285, "98": 0.24553571428571427, "96": 0.23325892857142858, "92": 0.1875}, "replaceWithInterp": {"99": 0.24553571428571427, "98": 0.24553571428571427, "96": 0.24553571428571427, "92": 0.24776785714285715}}, "ScoreCAM": {"replaceWithZero": {"99": 0.24553571428571427, "98": 0.24553571428571427, "96": 0.23883928571428573,