{"no_randomized": 0.9810267857142857, "0": {"no_replace": 0.9810267857142857, "Saliency": {"replaceWithZero_most": {"95": 0.9776785714285714, "90": 0.9575892857142857, "85": 0.9386160714285714, "80": 0.9174107142857143}, "replaceWithMean_most": {"95": 0.9765625, "90": 0.9575892857142857, "85": 0.9375, "80": 0.9129464285714286}, "replaceWithInterp_most": {"95": 0.9810267857142857, "90": 0.9810267857142857, "85": 0.9810267857142857, "80": 0.9810267857142857}}, "IntegratedGradients": {"replaceWithZero_most": {"95": 0.8504464285714286, "90": 0.6595982142857143, "85": 0.4810267857142857, "80": 0.359375}, "replaceWithMean_most": {"95": 0.8515625, "90": 0.6618303571428571, "85": 0.4877232142857143, "80": 0.3627232142857143}, "replaceWithInterp_most": {"95": 0.9799107142857143, "90": 0.9799107142857143, "85": 0.9799107142857143, "80": 0.9799107142857143}}, "InputXGradient": {"replaceWithZero_most": {"95": 0.8950892857142857, "90": 0.7421875, "85": 0.5870535714285714, "80": 0.45870535714285715}, "replaceWithMean_most": {"95": 0.8939732142857143, "90": 0.7433035714285714, "85": 0.5904017857142857, "80": 0.45870535714285715}, "replaceWithInterp_most": {"95": 0.9799107142857143, "90": 0.9799107142857143, "85": 0.9799107142857143, "80": 0.9799107142857143}}, "GuidedBackprop": {"replaceWithZero_most": {"95": 0.9720982142857143, "90": 0.9587053571428571, "85": 0.9430803571428571, "80": 0.9330357142857143}, "replaceWithMean_most": {"95": 0.9720982142857143, "90": 0.9587053571428571, "85": 0.9419642857142857, "80": 0.9296875}, "replaceWithInterp_most": {"95": 0.9810267857142857, "90": 0.9810267857142857, "85": 0.9810267857142857, "80": 0.9821428571428571}}, "LayerGradCam": {"replaceWithZero_most": {"95": 0.9642857142857143, "90": 0.9508928571428571, "85": 0.9341517857142857, "80": 0.9107142857142857}, "replaceWithMean_most": {"95": 0.9642857142857143, "90": 0.9508928571428571, "85": 0.9330357142857143, "80": 0.9129464285714286}, "replaceWithInterp_most": {"95": 0.9810267857142857, "90": 0.9799107142857143, "85": 0.9799107142857143, "80": 0.9776785714285714}}, "GuidedGradCam": {"replaceWithZero_most": {"95": 0.9732142857142857, "90": 0.96875, "85": 0.9631696428571429, "80": 0.9620535714285714}, "replaceWithMean_most": {"95": 0.9743303571428571, "90": 0.9709821428571429, "85": 0.9609375, "80": 0.9598214285714286}, "replaceWithInterp_most": {"95": 0.9810267857142857, "90": 0.9799107142857143, "85": 0.9799107142857143, "80": 0.9799107142857143}}, "Lime": {"replaceWithZero_most": {"95": 0.9810267857142857, "90": 0.9810267857142857, "85": 0.9810267857142857, "80": 0.9810267857142857}, "replaceWithMean_most": {"95": 0.9810267857142857, "90": 0.9810267857142857, "85": 0.9810267857142857, "80": 0.9810267857142857}, "replaceWithInterp_most": {"95": 0.9810267857142857, "90": 0.9810267857142857, "85": 0.9810267857142857, "80": 0.9810267857142857}}, "GradCAMpp": {"replaceWithZero_most": {"95": 0.9810267857142857, "90": 0.9776785714285714, "85": 0.9776785714285714, "80": 0.9776785714285714}, "replaceWithMean_most": {"95": 0.9799107142857143, "90": 0.9776785714285714, "85": 0.9776785714285714, "80": 0.9776785714285714}, "replaceWithInterp_most": {"95": 0.9810267857142857, "90": 0.9810267857142857, "85": 0.9810267857142857, "80": 0.9810267857142857}}, "SmoothGradCAMpp": {"replaceWithZero_most": {"95": 0.9810267857142857, "90": 0.9799107142857143, "85": 0.9799107142857143, "80": 0.9799107142857143}, "replaceWithMean_most": {"95": 0.9810267857142857, "90": 0.9799107142857143, "85": 0.9799107142857143, "80": 0.9799107142857143}, "replaceWithInterp_most": {"95": 0.9810267857142857, "90": 0.9810267857142857, "85": 0.9799107142857143, "80": 0.9799107142857143}}, "ScoreCAM": {"replaceWithZero_most": {"95": 0.9765625, "90": 0.8794642857142857, "85": 0.8404017857142857, "80": 0.7120535714285714}, "replaceWithMean_most": {"95": 0.9754464285714286, "90": 0.8828125, "85": 0.8370535714285714, "80": 0.7176339285714286}, "replaceWithInterp_most": {"95": 0.9810267857142857, "90": 0.9810267857142857, "85": 0.9810267857142857, "80": 0.9743303571428571}}, "RISE": {"replaceWithZero_most": {"95": 0.9430803571428571, "90": 0.7823660714285714, "85": 0.6696428571428571, "80": 0.5625}, "replaceWithMean_most": {"95": 0.9464285714285714, "90": 0.7845982142857143, "85": 0.6696428571428571, "80": 0.5636160714285714}, "replaceWithInterp_most": {"95": 0.9821428571428571, "90": 0.9799107142857143, "85": 0.9776785714285714, "80": 0.9654017857142857}}}, "-1": {"no_replace": 0.2109375, "Saliency": {"replaceWithZero_most": {"95": 0.19419642857142858, "90": 0.1796875, "85": 0.1640625, "80": 0.15959821428571427}, "replaceWithMean_most": {"95": 0.1953125, "90": 0.18191964285714285, "85": 0.16294642857142858, "80": 0.16183035714285715}, "replaceWithInterp_most": {"95": 0.20982142857142858, "90": 0.2109375, "85": 0.2109375, "80": 0.20870535714285715}}, "IntegratedGradients": {"replaceWithZero_most": {"95": 0.140625, "90": 0.10379464285714286, "85": 0.09709821428571429, "80": 0.08705357142857142}, "replaceWithMean_most": {"95": 0.14397321428571427, "90": 0.10267857142857142, "85": 0.09933035714285714, "80": 0.09151785714285714}, "replaceWithInterp_most": {"95": 0.2109375, "90": 0.2109375, "85": 0.20870535714285715, "80": 0.20870535714285715}}, "InputXGradient": {"replaceWithZero_most": {"95": 0.14620535714285715, "90": 0.10379464285714286, "85": 0.08705357142857142, "80": 0.07366071428571429}, "replaceWithMean_most": {"95": 0.14732142857142858, "90": 0.10267857142857142, "85": 0.08928571428571429, "80": 0.07477678571428571}, "replaceWithInterp_most": {"95": 0.2109375, "90": 0.20982142857142858, "85": 0.20870535714285715, "80": 0.20870535714285715}}, "GuidedBackprop": {"replaceWithZero_most": {"95": 0.21540178571428573, "90": 0.20982142857142858, "85": 0.20870535714285715, "80": 0.20870535714285715}, "replaceWithMean_most": {"95": 0.21540178571428573, "90": 0.20982142857142858, "85": 0.20870535714285715, "80": 0.20758928571428573}, "replaceWithInterp_most": {"95": 0.2109375, "90": 0.2109375, "85": 0.2109375, "80": 0.2109375}}, "LayerGradCam": {"replaceWithZero_most": {"95": 0.19977678571428573, "90": 0.20535714285714285, "85": 0.2109375, "80": 0.20870535714285715}, "replaceWithMean_most": {"95": 0.19754464285714285, "90": 0.20424107142857142, "85": 0.21205357142857142, "80": 0.21651785714285715}, "replaceWithInterp_most": {"95": 0.21205357142857142, "90": 0.20982142857142858, "85": 0.20982142857142858, "80": 0.20535714285714285}}, "GuidedGradCam": {"replaceWithZero_most": {"95": 0.2109375, "90": 0.21205357142857142, "85": 0.21316964285714285, "80": 0.21316964285714285}, "replaceWithMean_most": {"95": 0.2109375, "90": 0.21316964285714285, "85": 0.21428571428571427, "80": 0.21540178571428573}, "replaceWithInterp_most": {"95": 0.2109375, "90": 0.2109375, "85": 0.2109375, "80": 0.2109375}}, "Lime": {"replaceWithZero_most": {"95": 0.2109375, "90": 0.2109375, "85": 0.2109375, "80": 0.2109375}, "replaceWithMean_most": {"95": 0.2109375, "90": 0.2109375, "85": 0.2109375, "80": 0.2109375}, "replaceWithInterp_most": {"95": 0.2109375, "90": 0.2109375, "85": 0.2109375, "80": 0.2109375}}, "GradCAMpp": {"replaceWithZero_most": {"95": 0.21316964285714285, "90": 0.21875, "85": 0.21875, "80": 0.22098214285714285}, "replaceWithMean_most": {"95": 0.21316964285714285, "90": 0.21875, "85": 0.21875, "80": 0.21986607142857142}, "replaceWithInterp_most": {"95": 0.21205357142857142, "90": 0.2109375, "85": 0.2109375, "80": 0.2109375}}, "SmoothGradCAMpp": {"replaceWithZero_most": {"95": 0.21205357142857142, "90": 0.21763392857142858, "85": 0.21875, "80": 0.21986607142857142}, "replaceWithMean_most": {"95": 0.21205357142857142, "90": 0.21763392857142858, "85": 0.21875, "80": 0.21986607142857142}, "replaceWithInterp_most": {"95": 0.21205357142857142, "90": 0.2109375, "85": 0.2109375, "80": 0.2109375}}, "ScoreCAM": {"replaceWithZero_most": {"95": 0.19196428571428573, "90": 0.15736607142857142, "85": 0.15178571428571427, "80": 0.15848214285714285},