{"0": {"no_replace": 0.993006993006993, "Saliency": {"replaceWithZero": {"99": 0.989010989010989, "98": 0.973026973026973, "96": 0.951048951048951, "92": 0.8911088911088911}, "replaceWithMean": {"99": 0.989010989010989, "98": 0.972027972027972, "96": 0.9500499500499501, "92": 0.8991008991008991}, "replaceWithInterp": {"99": 0.993006993006993, "98": 0.993006993006993, "96": 0.993006993006993, "92": 0.993006993006993}}, "IntegratedGradients": {"replaceWithZero": {"99": 0.965034965034965, "98": 0.8961038961038961, "96": 0.7052947052947053, "92": 0.4195804195804196}, "replaceWithMean": {"99": 0.9660339660339661, "98": 0.9100899100899101, "96": 0.7312687312687313, "92": 0.4835164835164835}, "replaceWithInterp": {"99": 0.993006993006993, "98": 0.993006993006993, "96": 0.993006993006993, "92": 0.993006993006993}}, "InputXGradient": {"replaceWithZero": {"99": 0.964035964035964, "98": 0.8921078921078921, "96": 0.7472527472527473, "92": 0.5284715284715285}, "replaceWithMean": {"99": 0.965034965034965, "98": 0.9020979020979021, "96": 0.7662337662337663, "92": 0.5414585414585414}, "replaceWithInterp": {"99": 0.993006993006993, "98": 0.993006993006993, "96": 0.993006993006993, "92": 0.993006993006993}}, "GuidedBackprop": {"replaceWithZero": {"99": 0.984015984015984, "98": 0.9600399600399601, "96": 0.9100899100899101, "92": 0.8481518481518482}, "replaceWithMean": {"99": 0.984015984015984, "98": 0.962037962037962, "96": 0.9180819180819181, "92": 0.8701298701298701}, "replaceWithInterp": {"99": 0.993006993006993, "98": 0.993006993006993, "96": 0.993006993006993, "92": 0.993006993006993}}, "LayerGradCam": {"replaceWithZero": {"99": 0.993006993006993, "98": 0.993006993006993, "96": 0.989010989010989, "92": 0.9500499500499501}, "replaceWithMean": {"99": 0.993006993006993, "98": 0.993006993006993, "96": 0.984015984015984, "92": 0.9460539460539461}, "replaceWithInterp": {"99": 0.993006993006993, "98": 0.993006993006993, "96": 0.993006993006993, "92": 0.993006993006993}}, "GuidedGradCam": {"replaceWithZero": {"99": 0.9920079920079921, "98": 0.988011988011988, "96": 0.98001998001998, "92": 0.9790209790209791}, "replaceWithMean": {"99": 0.993006993006993, "98": 0.985014985014985, "96": 0.9820179820179821, "92": 0.981018981018981}, "replaceWithInterp": {"99": 0.993006993006993, "98": 0.993006993006993, "96": 0.993006993006993, "92": 0.993006993006993}}, "Lime": {"replaceWithZero": {"99": 0.993006993006993, "98": 0.993006993006993, "96": 0.993006993006993, "92": 0.993006993006993}, "replaceWithMean": {"99": 0.993006993006993, "98": 0.993006993006993, "96": 0.993006993006993, "92": 0.993006993006993}, "replaceWithInterp": {"99": 0.993006993006993, "98": 0.993006993006993, "96": 0.993006993006993, "92": 0.993006993006993}}, "GradCAMpp": {"replaceWithZero": {"99": 0.993006993006993, "98": 0.993006993006993, "96": 0.9920079920079921, "92": 0.978021978021978}, "replaceWithMean": {"99": 0.993006993006993, "98": 0.993006993006993, "96": 0.993006993006993, "92": 0.978021978021978}, "replaceWithInterp": {"99": 0.993006993006993, "98": 0.993006993006993, "96": 0.993006993006993, "92": 0.993006993006993}}, "SmoothGradCAMpp": {"replaceWithZero": {"99": 0.993006993006993, "98": 0.993006993006993, "96": 0.9920079920079921, "92": 0.985014985014985}, "replaceWithMean": {"99": 0.993006993006993, "98": 0.993006993006993, "96": 0.993006993006993, "92": 0.988011988011988}, "replaceWithInterp": {"99": 0.993006993006993, "98": 0.993006993006993, "96": 0.993006993006993, "92": 0.993006993006993}}, "ScoreCAM": {"replaceWithZero": {"99": 0.993006993006993, "98": 0.993006993006993, "96": 0.989010989010989, "92": 0.9590409590409591}, "replaceWithMean": {"99": 0.993006993006993, "98": 0.993006993006993, "96": 0.988011988011988, "92": 0.9500499500499501}, "replaceWithInterp": {"99": 0.993006993006993, "98": 0.993006993006993, "96": 0.993006993006993, "92": 0.9920079920079921}}, "RISE": {"replaceWithZero": {"99": 0.9920079920079921, "98": 0.9920079920079921, "96": 0.971028971028971, "92": 0.7672327672327672}, "replaceWithMean": {"99": 0.9920079920079921, "98": 0.9920079920079921, "96": 0.971028971028971, "92": 0.7972027972027972}, "replaceWithInterp": {"99": 0.993006993006993, "98": 0.993006993006993, "96": 0.993006993006993, "92": 0.983016983016983}}}, "1": {"no_replace": 0.16283716283716285, "Saliency": {"replaceWithZero": {"99": 0.15984015984015984, "98": 0.15684315684315683, "96": 0.14985014985014986, "92": 0.14285714285714285}, "replaceWithMean": {"99": 0.15884115884115885, "98": 0.15584415584415584, "96": 0.14585414585414586, "92": 0.14685314685314685}, "replaceWithInterp": {"99": 0.16183816183816183, "98": 0.16083916083916083, "96": 0.16183816183816183, "92": 0.16383616383616384}}, "IntegratedGradients": {"replaceWithZero": {"99": 0.12487512487512488, "98": 0.09490509490509491, "96": 0.057942057942057944, "92": 0.03796203796203796}, "replaceWithMean": {"99": 0.12487512487512488, "98": 0.0919080919080919, "96": 0.053946053946053944, "92": 0.03896103896103896}, "replaceWithInterp": {"99": 0.16283716283716285, "98": 0.16283716283716285, "96": 0.16183816183816183, "92": 0.16283716283716285}}, "InputXGradient": {"replaceWithZero": {"99": 0.14585414585414586, "98": 0.12687312687312688, "96": 0.09290709290709291, "92": 0.07392607392607392}, "replaceWithMean": {"99": 0.14785214785214784, "98": 0.13086913086913088, "96": 0.0999000999000999, "92": 0.07292707292707293}, "replaceWithInterp": {"99": 0.16283716283716285, "98": 0.16383616383616384, "96": 0.16483516483516483, "92": 0.16483516483516483}}, "GuidedBackprop": {"replaceWithZero": {"99": 0.15884115884115885, "98": 0.15884115884115885, "96": 0.15884115884115885, "92": 0.14885114885114886}, "replaceWithMean": {"99": 0.15884115884115885, "98": 0.15684315684315683, "96": 0.15384615384615385, "92": 0.14785214785214784}, "replaceWithInterp": {"99": 0.16383616383616384, "98": 0.16383616383616384, "96": 0.16183816183816183, "92": 0.16483516483516483}}, "LayerGradCam": {"replaceWithZero": {"99": 0.16183816183816183, "98": 0.16483516483516483, "96": 0.15584415584415584, "92": 0.13886113886113885}, "replaceWithMean": {"99": 0.16283716283716285, "98": 0.16483516483516483, "96": 0.15984015984015984, "92": 0.14185814185814186}, "replaceWithInterp": {"99": 0.16283716283716285, "98": 0.16183816183816183, "96": 0.16183816183816183, "92": 0.16083916083916083}}, "GuidedGradCam": {"replaceWithZero": {"99": 0.16383616383616384, "98": 0.16383616383616384, "96": 0.16483516483516483, "92": 0.16283716283716285}, "replaceWithMean": {"99": 0.16383616383616384, "98": 0.16383616383616384, "96": 0.16183816183816183, "92": 0.15584415584415584}, "replaceWithInterp": {"99": 0.16383616383616384, "98": 0.16283716283716285, "96": 0.16283716283716285, "92": 0.16483516483516483}}, "Lime": {"replaceWithZero": {"99": 0.16283716283716285, "98": 0.16283716283716285, "96": 0.16283716283716285, "92": 0.16283716283716285}, "replaceWithMean": {"99": 0.16283716283716285, "98": 0.16283716283716285, "96": 0.16283716283716285, "92": 0.16283716283716285}, "replaceWithInterp": {"99": 0.16283716283716285, "98": 0.16283716283716285, "96": 0.16283716283716285, "92": 0.16283716283716285}}, "GradCAMpp": {"replaceWithZero": {"99": 0.16283716283716285, "98": 0.16283716283716285, "96": 0.16183816183816183, "92": 0.14585414585414586}, "replaceWithMean": {"99": 0.16583416583416583, "98": 0.16083916083916083, "96": 0.16383616383616384, "92": 0.15184815184815184}, "replaceWithInterp": {"99": 0.16283716283716285, "98": 0.16283716283716285, "96": 0.16383616383616384, "92": 0.16483516483516483}}, "SmoothGradCAMpp": {"replaceWithZero": {"99": 0.16283716283716285, "98": 0.16183816183816183, "96": 0.15784215784215785, "92": 0.14185814185814186}, "replaceWithMean": {"99": 0.16283716283716285, "98": 0.16183816183816183, "96": 0.15984015984015984, "92": 0.14685314685314685}, "replaceWithInterp": {"99": 0.16283716283716285, "98": 0.16283716283716285, "96": 0.16383616383616384, "92": 0.16283716283716285}},