{"no_replace": 0.948905109489051, "Saliency": {"replaceWithZero": {"99": 0.9051094890510949, "98": 0.8540145985401459, "96": 0.7956204379562044, "92": 0.5255474452554745}, "replaceWithMean": {"99": 0.9416058394160584, "98": 0.9343065693430657, "96": 0.9051094890510949, "92": 0.8321167883211679}, "replaceWithInterp": {"99": 0.948905109489051, "98": 0.948905109489051, "96": 0.948905109489051, "92": 0.948905109489051}}, "IntegratedGradients": {"replaceWithZero": {"99": 0.8029197080291971, "98": 0.6642335766423357, "96": 0.4306569343065693, "92": 0.291970802919708}, "replaceWithMean": {"99": 0.9197080291970803, "98": 0.9051094890510949, "96": 0.8248175182481752, "92": 0.7153284671532847}, "replaceWithInterp": {"99": 0.948905109489051, "98": 0.948905109489051, "96": 0.948905109489051, "92": 0.948905109489051}}, "InputXGradient": {"replaceWithZero": {"99": 0.8175182481751825, "98": 0.6934306569343066, "96": 0.45255474452554745, "92": 0.291970802919708}, "replaceWithMean": {"99": 0.927007299270073, "98": 0.9051094890510949, "96": 0.8394160583941606, "92": 0.708029197080292}, "replaceWithInterp": {"99": 0.948905109489051, "98": 0.948905109489051, "96": 0.948905109489051, "92": 0.9343065693430657}}, "GuidedBackprop": {"replaceWithZero": {"99": 0.9124087591240876, "98": 0.8905109489051095, "96": 0.8029197080291971, "92": 0.6934306569343066}, "replaceWithMean": {"99": 0.948905109489051, "98": 0.9197080291970803, "96": 0.8905109489051095, "92": 0.8102189781021898}, "replaceWithInterp": {"99": 0.948905109489051, "98": 0.948905109489051, "96": 0.948905109489051, "92": 0.948905109489051}}, "LayerGradCam": {"replaceWithZero": {"99": 0.948905109489051, "98": 0.948905109489051, "96": 0.927007299270073, "92": 0.8686131386861314}, "replaceWithMean": {"99": 0.948905109489051, "98": 0.948905109489051, "96": 0.948905109489051, "92": 0.948905109489051}, "replaceWithInterp": {"99": 0.948905109489051, "98": 0.948905109489051, "96": 0.948905109489051, "92": 0.948905109489051}}, "GuidedGradCam": {"replaceWithZero": {"99": 0.927007299270073, "98": 0.8978102189781022, "96": 0.8175182481751825, "92": 0.6861313868613139}, "replaceWithMean": {"99": 0.948905109489051, "98": 0.9197080291970803, "96": 0.8832116788321168, "92": 0.8102189781021898}, "replaceWithInterp": {"99": 0.948905109489051, "98": 0.948905109489051, "96": 0.948905109489051, "92": 0.9416058394160584}}, "Lime": {"replaceWithZero": {"99": 0.948905109489051, "98": 0.948905109489051, "96": 0.948905109489051, "92": 0.948905109489051}, "replaceWithMean": {"99": 0.948905109489051, "98": 0.948905109489051, "96": 0.948905109489051, "92": 0.948905109489051}, "replaceWithInterp": {"99": 0.948905109489051, "98": 0.948905109489051, "96": 0.948905109489051, "92": 0.948905109489051}}, "GradCAMpp": {"replaceWithZero": {"99": 0.948905109489051, "98": 0.948905109489051, "96": 0.927007299270073, "92": 0.8832116788321168}, "replaceWithMean": {"99": 0.948905109489051, "98": 0.948905109489051, "96": 0.948905109489051, "92": 0.948905109489051}, "replaceWithInterp": {"99": 0.948905109489051, "98": 0.948905109489051, "96": 0.948905109489051, "92": 0.948905109489051}}, "SmoothGradCAMpp": {"replaceWithZero": {"99": 0.948905109489051, "98": 0.948905109489051, "96": 0.9416058394160584, "92": 0.8832116788321168}, "replaceWithMean": {"99": 0.948905109489051, "98": 0.948905109489051, "96": 0.948905109489051, "92": 0.948905109489051}, "replaceWithInterp": {"99": 0.948905109489051, "98": 0.948905109489051, "96": 0.948905109489051, "92": 0.948905109489051}}, "ScoreCAM": {"replaceWithZero": {"99": 0.948905109489051, "98": 0.948905109489051, "96": 0.9343065693430657, "92": 0.8978102189781022}, "replaceWithMean": {"99": 0.948905109489051, "98": 0.948905109489051, "96": 0.948905109489051, "92": 0.9562043795620438}, "replaceWithInterp": {"99": 0.948905109489051, "98": 0.948905109489051, "96": 0.948905109489051, "92": 0.9416058394160584}}, "RISE": {"replaceWithZero": {"99": 0.948905109489051, "98": 0.927007299270073, "96": 0.9051094890510949, "92": 0.7956204379562044}, "replaceWithMean": {"99": 0.948905109489051, "98": 0.948905109489051, "96": 0.9562043795620438, "92": 0.948905109489051}, "replaceWithInterp": {"99": 0.948905109489051, "98": 0.948905109489051, "96": 0.948905109489051, "92": 0.948905109489051}}}