{"0": {"no_replace": 0.9853181076672104, "Saliency": {"replaceWithZero": {"99": 0.967373572593801, "98": 0.967373572593801, "96": 0.9314845024469821, "92": 0.9053833605220228}, "replaceWithMean": {"99": 0.9722675367047309, "98": 0.9690048939641109, "96": 0.933115823817292, "92": 0.9070146818923328}, "replaceWithInterp": {"99": 0.9836867862969005, "98": 0.9853181076672104, "96": 0.9869494290375204, "92": 0.9820554649265906}}, "IntegratedGradients": {"replaceWithZero": {"99": 0.9559543230016313, "98": 0.9037520391517129, "96": 0.8254486133768353, "92": 0.6900489396411092}, "replaceWithMean": {"99": 0.9559543230016313, "98": 0.9086460032626428, "96": 0.8254486133768353, "92": 0.6867862969004894}, "replaceWithInterp": {"99": 0.9869494290375204, "98": 0.9869494290375204, "96": 0.9804241435562806, "92": 0.9624796084828712}}, "InputXGradient": {"replaceWithZero": {"99": 0.9477977161500816, "98": 0.9086460032626428, "96": 0.835236541598695, "92": 0.6949429037520392}, "replaceWithMean": {"99": 0.9494290375203915, "98": 0.9119086460032626, "96": 0.8368678629690048, "92": 0.6900489396411092}, "replaceWithInterp": {"99": 0.9869494290375204, "98": 0.9853181076672104, "96": 0.9836867862969005, "92": 0.9592169657422512}}, "GuidedBackprop": {"replaceWithZero": {"99": 0.9575856443719413, "98": 0.9363784665579119, "96": 0.8890701468189234, "92": 0.8580750407830342}, "replaceWithMean": {"99": 0.9575856443719413, "98": 0.9363784665579119, "96": 0.8923327895595432, "92": 0.8580750407830342}, "replaceWithInterp": {"99": 0.9869494290375204, "98": 0.9853181076672104, "96": 0.9722675367047309, "92": 0.964110929853181}}, "LayerGradCam": {"replaceWithZero": {"99": 0.9869494290375204, "98": 0.9836867862969005, "96": 0.967373572593801, "92": 0.9314845024469821}, "replaceWithMean": {"99": 0.9885807504078303, "98": 0.9836867862969005, "96": 0.967373572593801, "92": 0.9282218597063622}, "replaceWithInterp": {"99": 0.9853181076672104, "98": 0.9869494290375204, "96": 0.9804241435562806, "92": 0.964110929853181}}, "GuidedGradCam": {"replaceWithZero": {"99": 0.9690048939641109, "98": 0.9608482871125612, "96": 0.9543230016313213, "92": 0.9477977161500816}, "replaceWithMean": {"99": 0.9706362153344209, "98": 0.9608482871125612, "96": 0.9510603588907015, "92": 0.9477977161500816}, "replaceWithInterp": {"99": 0.9853181076672104, "98": 0.9836867862969005, "96": 0.9722675367047309, "92": 0.9690048939641109}}, "Lime": {"replaceWithZero": {"99": 0.9853181076672104, "98": 0.9853181076672104, "96": 0.9853181076672104, "92": 0.9853181076672104}, "replaceWithMean": {"99": 0.9853181076672104, "98": 0.9853181076672104, "96": 0.9853181076672104, "92": 0.9853181076672104}, "replaceWithInterp": {"99": 0.9853181076672104, "98": 0.9853181076672104, "96": 0.9853181076672104, "92": 0.9853181076672104}}, "GradCAMpp": {"replaceWithZero": {"99": 0.9836867862969005, "98": 0.9836867862969005, "96": 0.9836867862969005, "92": 0.9445350734094616}, "replaceWithMean": {"99": 0.9836867862969005, "98": 0.9820554649265906, "96": 0.9804241435562806, "92": 0.9477977161500816}, "replaceWithInterp": {"99": 0.9853181076672104, "98": 0.9869494290375204, "96": 0.9853181076672104, "92": 0.9853181076672104}}, "SmoothGradCAMpp": {"replaceWithZero": {"99": 0.9820554649265906, "98": 0.9820554649265906, "96": 0.9804241435562806, "92": 0.9396411092985318}, "replaceWithMean": {"99": 0.9820554649265906, "98": 0.9804241435562806, "96": 0.9787928221859706, "92": 0.9363784665579119}, "replaceWithInterp": {"99": 0.9853181076672104, "98": 0.9853181076672104, "96": 0.9836867862969005, "92": 0.9853181076672104}}, "ScoreCAM": {"replaceWithZero": {"99": 0.9853181076672104, "98": 0.9853181076672104, "96": 0.964110929853181, "92": 0.9412724306688418}, "replaceWithMean": {"99": 0.9853181076672104, "98": 0.9853181076672104, "96": 0.9690048939641109, "92": 0.9477977161500816}, "replaceWithInterp": {"99": 0.9853181076672104, "98": 0.9853181076672104, "96": 0.9738988580750407, "92": 0.9624796084828712}}, "RISE": {"replaceWithZero": {"99": 0.9820554649265906, "98": 0.9690048939641109, "96": 0.9200652528548124, "92": 0.8564437194127243}, "replaceWithMean": {"99": 0.9820554649265906, "98": 0.9706362153344209, "96": 0.9168026101141925, "92": 0.8564437194127243}, "replaceWithInterp": {"99": 0.9869494290375204, "98": 0.9853181076672104, "96": 0.967373572593801, "92": 0.9265905383360522}}}, "1": {"no_replace": 0.6427406199021207, "Saliency": {"replaceWithZero": {"99": 0.6443719412724307, "98": 0.6476345840130505, "96": 0.6557911908646004, "92": 0.6557911908646004}, "replaceWithMean": {"99": 0.6443719412724307, "98": 0.6476345840130505, "96": 0.6574225122349103, "92": 0.6557911908646004}, "replaceWithInterp": {"99": 0.6427406199021207, "98": 0.6427406199021207, "96": 0.6427406199021207, "92": 0.6427406199021207}}, "IntegratedGradients": {"replaceWithZero": {"99": 0.6704730831973899, "98": 0.6884176182707994, "96": 0.6982055464926591, "92": 0.6867862969004894}, "replaceWithMean": {"99": 0.6704730831973899, "98": 0.6884176182707994, "96": 0.6982055464926591, "92": 0.6933115823817292}, "replaceWithInterp": {"99": 0.6427406199021207, "98": 0.6427406199021207, "96": 0.6427406199021207, "92": 0.6427406199021207}}, "InputXGradient": {"replaceWithZero": {"99": 0.6688417618270799, "98": 0.6916802610114192, "96": 0.7079934747145188, "92": 0.7194127243066885}, "replaceWithMean": {"99": 0.6688417618270799, "98": 0.6949429037520392, "96": 0.7112561174551386, "92": 0.7275693311582382}, "replaceWithInterp": {"99": 0.6427406199021207, "98": 0.6427406199021207, "96": 0.6427406199021207, "92": 0.6427406199021207}}, "GuidedBackprop": {"replaceWithZero": {"99": 0.6460032626427407, "98": 0.6476345840130505, "96": 0.6525285481239804, "92": 0.6557911908646004}, "replaceWithMean": {"99": 0.6460032626427407, "98": 0.6476345840130505, "96": 0.6525285481239804, "92": 0.6557911908646004}, "replaceWithInterp": {"99": 0.6427406199021207, "98": 0.6427406199021207, "96": 0.6427406199021207, "92": 0.6427406199021207}}, "LayerGradCam": {"replaceWithZero": {"99": 0.6443719412724307, "98": 0.6427406199021207, "96": 0.6427406199021207, "92": 0.6427406199021207}, "replaceWithMean": {"99": 0.6443719412724307, "98": 0.6427406199021207, "96": 0.6427406199021207, "92": 0.6427406199021207}, "replaceWithInterp": {"99": 0.6427406199021207, "98": 0.6427406199021207, "96": 0.6427406199021207, "92": 0.6427406199021207}}, "GuidedGradCam": {"replaceWithZero": {"99": 0.6541598694942904, "98": 0.6606851549755302, "96": 0.6590538336052202, "92": 0.6574225122349103}, "replaceWithMean": {"99": 0.6557911908646004, "98": 0.6639477977161501, "96": 0.6623164763458401, "92": 0.6623164763458401}, "replaceWithInterp": {"99": 0.6427406199021207, "98": 0.6427406199021207, "96": 0.6427406199021207, "92": 0.6427406199021207}}, "Lime": {"replaceWithZero": {"99": 0.6427406199021207, "98": 0.6427406199021207, "96": 0.6427406199021207, "92": 0.6427406199021207}, "replaceWithMean": {"99": 0.6427406199021207, "98": 0.6427406199021207, "96": 0.6427406199021207, "92": 0.6427406199021207}, "replaceWithInterp": {"99": 0.6427406199021207, "98": 0.6427406199021207, "96": 0.6427406199021207, "92": 0.6427406199021207}}, "GradCAMpp": {"replaceWithZero": {"99": 0.6427406199021207, "98": 0.6427406199021207, "96": 0.6427406199021207, "92": 0.6427406199021207}, "replaceWithMean": {"99": 0.6427406199021207, "98": 0.6427406199021207, "96": 0.6427406199021207, "92": 0.6427406199021207}, "replaceWithInterp": {"99": 0.6427406199021207, "98": 0.6427406199021207, "96": 0.6427406199021207, "92": 0.6427406199021207}}, "SmoothGradCAMpp": {"replaceWithZero": {"99": 0.6427406199021207, "98": 0.6427406199021207, "96": 0.6427406199021207, "92": 0.6427406199021207}, "replaceWithMean": {"99": 0.6427406199021207, "98": 0.6427406199021207, "96": 0.6427406199021207, "92": 0.6427406199021207}, "replaceWithInterp": {"99": 0.6427406199021207, "98": 0.6427406199021207, "96": 0.6427406199021207, "92": 0.6427406199021207}},